,time,tx_count
0,2008-12-29 00:00:00+00:00,1.0
1,2009-01-05 00:00:00+00:00,168.0
2,2009-01-12 00:00:00+00:00,815.0
3,2009-01-19 00:00:00+00:00,907.0
4,2009-01-26 00:00:00+00:00,799.0
5,2009-02-02 00:00:00+00:00,917.0
6,2009-02-09 00:00:00+00:00,900.0
7,2009-02-16 00:00:00+00:00,844.0
8,2009-02-23 00:00:00+00:00,747.0
9,2009-03-02 00:00:00+00:00,778.0
10,2009-03-09 00:00:00+00:00,795.0
11,2009-03-16 00:00:00+00:00,764.0
12,2009-03-23 00:00:00+00:00,814.0
13,2009-03-30 00:00:00+00:00,821.0
14,2009-04-06 00:00:00+00:00,762.0
15,2009-04-13 00:00:00+00:00,838.0
16,2009-04-20 00:00:00+00:00,788.0
17,2009-04-27 00:00:00+00:00,839.0
18,2009-05-04 00:00:00+00:00,792.0
19,2009-05-11 00:00:00+00:00,892.0
20,2009-05-18 00:00:00+00:00,599.0
21,2009-05-25 00:00:00+00:00,760.0
22,2009-06-01 00:00:00+00:00,394.0
23,2009-06-08 00:00:00+00:00,580.0
24,2009-06-15 00:00:00+00:00,560.0
25,2009-06-22 00:00:00+00:00,540.0
26,2009-06-29 00:00:00+00:00,579.0
27,2009-07-06 00:00:00+00:00,554.0
28,2009-07-13 00:00:00+00:00,384.0
29,2009-07-20 00:00:00+00:00,415.0
30,2009-07-27 00:00:00+00:00,219.0
31,2009-08-03 00:00:00+00:00,532.0
32,2009-08-10 00:00:00+00:00,401.0
33,2009-08-17 00:00:00+00:00,103.0
34,2009-08-24 00:00:00+00:00,396.0
35,2009-08-31 00:00:00+00:00,501.0
36,2009-09-07 00:00:00+00:00,480.0
37,2009-09-14 00:00:00+00:00,506.0
38,2009-09-21 00:00:00+00:00,510.0
39,2009-09-28 00:00:00+00:00,526.0
40,2009-10-05 00:00:00+00:00,460.0
41,2009-10-12 00:00:00+00:00,449.0
42,2009-10-19 00:00:00+00:00,608.0
43,2009-10-26 00:00:00+00:00,381.0
44,2009-11-02 00:00:00+00:00,420.0
45,2009-11-09 00:00:00+00:00,539.0
46,2009-11-16 00:00:00+00:00,605.0
47,2009-11-23 00:00:00+00:00,568.0
48,2009-11-30 00:00:00+00:00,537.0
49,2009-12-07 00:00:00+00:00,770.0
50,2009-12-14 00:00:00+00:00,1127.0
51,2009-12-21 00:00:00+00:00,1138.0
52,2009-12-28 00:00:00+00:00,1033.0
53,2010-01-04 00:00:00+00:00,1192.0
54,2010-01-11 00:00:00+00:00,1030.0
55,2010-01-18 00:00:00+00:00,1045.0
56,2010-01-25 00:00:00+00:00,1343.0
57,2010-02-01 00:00:00+00:00,1500.0
58,2010-02-08 00:00:00+00:00,1407.0
59,2010-02-15 00:00:00+00:00,1483.0
60,2010-02-22 00:00:00+00:00,1361.0
61,2010-03-01 00:00:00+00:00,1277.0
62,2010-03-08 00:00:00+00:00,987.0
63,2010-03-15 00:00:00+00:00,1113.0
64,2010-03-22 00:00:00+00:00,1379.0
65,2010-03-29 00:00:00+00:00,1331.0
66,2010-04-05 00:00:00+00:00,1541.0
67,2010-04-12 00:00:00+00:00,4804.0
68,2010-04-19 00:00:00+00:00,1576.0
69,2010-04-26 00:00:00+00:00,1411.0
70,2010-05-03 00:00:00+00:00,1227.0
71,2010-05-10 00:00:00+00:00,1012.0
72,2010-05-17 00:00:00+00:00,1615.0
73,2010-05-24 00:00:00+00:00,1774.0
74,2010-05-31 00:00:00+00:00,1369.0
75,2010-06-07 00:00:00+00:00,1568.0
76,2010-06-14 00:00:00+00:00,1557.0
77,2010-06-21 00:00:00+00:00,1611.0
78,2010-06-28 00:00:00+00:00,1802.0
79,2010-07-05 00:00:00+00:00,1762.0
80,2010-07-12 00:00:00+00:00,13250.0
81,2010-07-19 00:00:00+00:00,5110.0
82,2010-07-26 00:00:00+00:00,5695.0
83,2010-08-02 00:00:00+00:00,3023.0
84,2010-08-09 00:00:00+00:00,2833.0
85,2010-08-16 00:00:00+00:00,2604.0
86,2010-08-23 00:00:00+00:00,2374.0
87,2010-08-30 00:00:00+00:00,2375.0
88,2010-09-06 00:00:00+00:00,2267.0
89,2010-09-13 00:00:00+00:00,2843.0
90,2010-09-20 00:00:00+00:00,4036.0
91,2010-09-27 00:00:00+00:00,3896.0
92,2010-10-04 00:00:00+00:00,2652.0
93,2010-10-11 00:00:00+00:00,2651.0
94,2010-10-18 00:00:00+00:00,4439.0
95,2010-10-25 00:00:00+00:00,3182.0
96,2010-11-01 00:00:00+00:00,2613.0
97,2010-11-08 00:00:00+00:00,2761.0
98,2010-11-15 00:00:00+00:00,45312.0
99,2010-11-22 00:00:00+00:00,11816.0
100,2010-11-29 00:00:00+00:00,3116.0
101,2010-12-06 00:00:00+00:00,3613.0
102,2010-12-13 00:00:00+00:00,3984.0
103,2010-12-20 00:00:00+00:00,4489.0
104,2010-12-27 00:00:00+00:00,4076.0
105,2011-01-03 00:00:00+00:00,7790.0
106,2011-01-10 00:00:00+00:00,8257.0
107,2011-01-17 00:00:00+00:00,7158.0
108,2011-01-24 00:00:00+00:00,9074.0
109,2011-01-31 00:00:00+00:00,6786.0
110,2011-02-07 00:00:00+00:00,11088.0
111,2011-02-14 00:00:00+00:00,14148.0
112,2011-02-21 00:00:00+00:00,14819.0
113,2011-02-28 00:00:00+00:00,15723.0
114,2011-03-07 00:00:00+00:00,15412.0
115,2011-03-14 00:00:00+00:00,21683.0
116,2011-03-21 00:00:00+00:00,22624.0
117,2011-03-28 00:00:00+00:00,14656.0
118,2011-04-04 00:00:00+00:00,13213.0
119,2011-04-11 00:00:00+00:00,15701.0
120,2011-04-18 00:00:00+00:00,18197.0
121,2011-04-25 00:00:00+00:00,25618.0
122,2011-05-02 00:00:00+00:00,22369.0
123,2011-05-09 00:00:00+00:00,25366.0
124,2011-05-16 00:00:00+00:00,34098.0
125,2011-05-23 00:00:00+00:00,39454.0
126,2011-05-30 00:00:00+00:00,50920.0
127,2011-06-06 00:00:00+00:00,77302.0
128,2011-06-13 00:00:00+00:00,85086.0
129,2011-06-20 00:00:00+00:00,73466.0
130,2011-06-27 00:00:00+00:00,69093.0
131,2011-07-04 00:00:00+00:00,63039.0
132,2011-07-11 00:00:00+00:00,61832.0
133,2011-07-18 00:00:00+00:00,59812.0
134,2011-07-25 00:00:00+00:00,55592.0
135,2011-08-01 00:00:00+00:00,53960.0
136,2011-08-08 00:00:00+00:00,54451.0
137,2011-08-15 00:00:00+00:00,55628.0
138,2011-08-22 00:00:00+00:00,49071.0
139,2011-08-29 00:00:00+00:00,50602.0
140,2011-09-05 00:00:00+00:00,48268.0
141,2011-09-12 00:00:00+00:00,43417.0
142,2011-09-19 00:00:00+00:00,46399.0
143,2011-09-26 00:00:00+00:00,39620.0
144,2011-10-03 00:00:00+00:00,40546.0
145,2011-10-10 00:00:00+00:00,39416.0
146,2011-10-17 00:00:00+00:00,36351.0
147,2011-10-24 00:00:00+00:00,36803.0
148,2011-10-31 00:00:00+00:00,40705.0
149,2011-11-07 00:00:00+00:00,40073.0
150,2011-11-14 00:00:00+00:00,38039.0
151,2011-11-21 00:00:00+00:00,36176.0
152,2011-11-28 00:00:00+00:00,42887.0
153,2011-12-05 00:00:00+00:00,42697.0
154,2011-12-12 00:00:00+00:00,35599.0
155,2011-12-19 00:00:00+00:00,39201.0
156,2011-12-26 00:00:00+00:00,36253.0
157,2012-01-02 00:00:00+00:00,42861.0
158,2012-01-09 00:00:00+00:00,46590.0
159,2012-01-16 00:00:00+00:00,45746.0
160,2012-01-23 00:00:00+00:00,46600.0
161,2012-01-30 00:00:00+00:00,47805.0
162,2012-02-06 00:00:00+00:00,50825.0
163,2012-02-13 00:00:00+00:00,55607.0
164,2012-02-20 00:00:00+00:00,47024.0
165,2012-02-27 00:00:00+00:00,46413.0
166,2012-03-05 00:00:00+00:00,43714.0
167,2012-03-12 00:00:00+00:00,46565.0
168,2012-03-19 00:00:00+00:00,45816.0
169,2012-03-26 00:00:00+00:00,46625.0
170,2012-04-02 00:00:00+00:00,47076.0
171,2012-04-09 00:00:00+00:00,53672.0
172,2012-04-16 00:00:00+00:00,54702.0
173,2012-04-23 00:00:00+00:00,54771.0
174,2012-04-30 00:00:00+00:00,81847.0
175,2012-05-07 00:00:00+00:00,117117.0
176,2012-05-14 00:00:00+00:00,176942.0
177,2012-05-21 00:00:00+00:00,187830.0
178,2012-05-28 00:00:00+00:00,179767.0
179,2012-06-04 00:00:00+00:00,237110.0
180,2012-06-11 00:00:00+00:00,311683.0
181,2012-06-18 00:00:00+00:00,202321.0
182,2012-06-25 00:00:00+00:00,181116.0
183,2012-07-02 00:00:00+00:00,162951.0
184,2012-07-09 00:00:00+00:00,189450.0
185,2012-07-16 00:00:00+00:00,236450.0
186,2012-07-23 00:00:00+00:00,215969.0
187,2012-07-30 00:00:00+00:00,229724.0
188,2012-08-06 00:00:00+00:00,231263.0
189,2012-08-13 00:00:00+00:00,297491.0
190,2012-08-20 00:00:00+00:00,243178.0
191,2012-08-27 00:00:00+00:00,246043.0
192,2012-09-03 00:00:00+00:00,258229.0
193,2012-09-10 00:00:00+00:00,220759.0
194,2012-09-17 00:00:00+00:00,201140.0
195,2012-09-24 00:00:00+00:00,191555.0
196,2012-10-01 00:00:00+00:00,220658.0
197,2012-10-08 00:00:00+00:00,221768.0
198,2012-10-15 00:00:00+00:00,222229.0
199,2012-10-22 00:00:00+00:00,190582.0
200,2012-10-29 00:00:00+00:00,180833.0
201,2012-11-05 00:00:00+00:00,208886.0
202,2012-11-12 00:00:00+00:00,224659.0
203,2012-11-19 00:00:00+00:00,242548.0
204,2012-11-26 00:00:00+00:00,222065.0
205,2012-12-03 00:00:00+00:00,222300.0
206,2012-12-10 00:00:00+00:00,259106.0
207,2012-12-17 00:00:00+00:00,304115.0
208,2012-12-24 00:00:00+00:00,275889.0
209,2012-12-31 00:00:00+00:00,264913.0
210,2013-01-07 00:00:00+00:00,322502.0
211,2013-01-14 00:00:00+00:00,337991.0
212,2013-01-21 00:00:00+00:00,333382.0
213,2013-01-28 00:00:00+00:00,371746.0
214,2013-02-04 00:00:00+00:00,387331.0
215,2013-02-11 00:00:00+00:00,382878.0
216,2013-02-18 00:00:00+00:00,397778.0
217,2013-02-25 00:00:00+00:00,429371.0
218,2013-03-04 00:00:00+00:00,435689.0
219,2013-03-11 00:00:00+00:00,354843.0
220,2013-03-18 00:00:00+00:00,356266.0
221,2013-03-25 00:00:00+00:00,377691.0
222,2013-04-01 00:00:00+00:00,423511.0
223,2013-04-08 00:00:00+00:00,428625.0
224,2013-04-15 00:00:00+00:00,377672.0
225,2013-04-22 00:00:00+00:00,377963.0
226,2013-04-29 00:00:00+00:00,362136.0
227,2013-05-06 00:00:00+00:00,433999.0
228,2013-05-13 00:00:00+00:00,411563.0
229,2013-05-20 00:00:00+00:00,361945.0
230,2013-05-27 00:00:00+00:00,380918.0
231,2013-06-03 00:00:00+00:00,369571.0
232,2013-06-10 00:00:00+00:00,312727.0
233,2013-06-17 00:00:00+00:00,321634.0
234,2013-06-24 00:00:00+00:00,297679.0
235,2013-07-01 00:00:00+00:00,250366.0
236,2013-07-08 00:00:00+00:00,284296.0
237,2013-07-15 00:00:00+00:00,263876.0
238,2013-07-22 00:00:00+00:00,274869.0
239,2013-07-29 00:00:00+00:00,324746.0
240,2013-08-05 00:00:00+00:00,360773.0
241,2013-08-12 00:00:00+00:00,397159.0
242,2013-08-19 00:00:00+00:00,413344.0
243,2013-08-26 00:00:00+00:00,398725.0
244,2013-09-02 00:00:00+00:00,376407.0
245,2013-09-09 00:00:00+00:00,354535.0
246,2013-09-16 00:00:00+00:00,402577.0
247,2013-09-23 00:00:00+00:00,370694.0
248,2013-09-30 00:00:00+00:00,366118.0
249,2013-10-07 00:00:00+00:00,349904.0
250,2013-10-14 00:00:00+00:00,375364.0
251,2013-10-21 00:00:00+00:00,393356.0
252,2013-10-28 00:00:00+00:00,328160.0
253,2013-11-04 00:00:00+00:00,384628.0
254,2013-11-11 00:00:00+00:00,409407.0
255,2013-11-18 00:00:00+00:00,531672.0
256,2013-11-25 00:00:00+00:00,587044.0
257,2013-12-02 00:00:00+00:00,503432.0
258,2013-12-09 00:00:00+00:00,423252.0
259,2013-12-16 00:00:00+00:00,462973.0
260,2013-12-23 00:00:00+00:00,368844.0
261,2013-12-30 00:00:00+00:00,373994.0
262,2014-01-06 00:00:00+00:00,411298.0
263,2014-01-13 00:00:00+00:00,387758.0
264,2014-01-20 00:00:00+00:00,438037.0
265,2014-01-27 00:00:00+00:00,418207.0
266,2014-02-03 00:00:00+00:00,457190.0
267,2014-02-10 00:00:00+00:00,457860.0
268,2014-02-17 00:00:00+00:00,455684.0
269,2014-02-24 00:00:00+00:00,488240.0
270,2014-03-03 00:00:00+00:00,507879.0
271,2014-03-10 00:00:00+00:00,486487.0
272,2014-03-17 00:00:00+00:00,462919.0
273,2014-03-24 00:00:00+00:00,460102.0
274,2014-03-31 00:00:00+00:00,434612.0
275,2014-04-07 00:00:00+00:00,431471.0
276,2014-04-14 00:00:00+00:00,436366.0
277,2014-04-21 00:00:00+00:00,460254.0
278,2014-04-28 00:00:00+00:00,418806.0
279,2014-05-05 00:00:00+00:00,459052.0
280,2014-05-12 00:00:00+00:00,457332.0
281,2014-05-19 00:00:00+00:00,461110.0
282,2014-05-26 00:00:00+00:00,445752.0
283,2014-06-02 00:00:00+00:00,427988.0
284,2014-06-09 00:00:00+00:00,423013.0
285,2014-06-16 00:00:00+00:00,423339.0
286,2014-06-23 00:00:00+00:00,417380.0
287,2014-06-30 00:00:00+00:00,430838.0
288,2014-07-07 00:00:00+00:00,432874.0
289,2014-07-14 00:00:00+00:00,442497.0
290,2014-07-21 00:00:00+00:00,434029.0
291,2014-07-28 00:00:00+00:00,438790.0
292,2014-08-04 00:00:00+00:00,477794.0
293,2014-08-11 00:00:00+00:00,508767.0
294,2014-08-18 00:00:00+00:00,475790.0
295,2014-08-25 00:00:00+00:00,473346.0
296,2014-09-01 00:00:00+00:00,476729.0
297,2014-09-08 00:00:00+00:00,493447.0
298,2014-09-15 00:00:00+00:00,516288.0
299,2014-09-22 00:00:00+00:00,502202.0
300,2014-09-29 00:00:00+00:00,515851.0
301,2014-10-06 00:00:00+00:00,528312.0
302,2014-10-13 00:00:00+00:00,511871.0
303,2014-10-20 00:00:00+00:00,546159.0
304,2014-10-27 00:00:00+00:00,590710.0
305,2014-11-03 00:00:00+00:00,590610.0
306,2014-11-10 00:00:00+00:00,598707.0
307,2014-11-17 00:00:00+00:00,584724.0
308,2014-11-24 00:00:00+00:00,591757.0
309,2014-12-01 00:00:00+00:00,641660.0
310,2014-12-08 00:00:00+00:00,590976.0
311,2014-12-15 00:00:00+00:00,650443.0
312,2014-12-22 00:00:00+00:00,574972.0
313,2014-12-29 00:00:00+00:00,552459.0
314,2015-01-05 00:00:00+00:00,678233.0
315,2015-01-12 00:00:00+00:00,704817.0
316,2015-01-19 00:00:00+00:00,650193.0
317,2015-01-26 00:00:00+00:00,630190.0
318,2015-02-02 00:00:00+00:00,609244.0
319,2015-02-09 00:00:00+00:00,689908.0
320,2015-02-16 00:00:00+00:00,679374.0
321,2015-02-23 00:00:00+00:00,692685.0
322,2015-03-02 00:00:00+00:00,688463.0
323,2015-03-09 00:00:00+00:00,679418.0
324,2015-03-16 00:00:00+00:00,697637.0
325,2015-03-23 00:00:00+00:00,674646.0
326,2015-03-30 00:00:00+00:00,742099.0
327,2015-04-06 00:00:00+00:00,742788.0
328,2015-04-13 00:00:00+00:00,723807.0
329,2015-04-20 00:00:00+00:00,751204.0
330,2015-04-27 00:00:00+00:00,736450.0
331,2015-05-04 00:00:00+00:00,735476.0
332,2015-05-11 00:00:00+00:00,714925.0
333,2015-05-18 00:00:00+00:00,694207.0
334,2015-05-25 00:00:00+00:00,784176.0
335,2015-06-01 00:00:00+00:00,789373.0
336,2015-06-08 00:00:00+00:00,817538.0
337,2015-06-15 00:00:00+00:00,832869.0
338,2015-06-22 00:00:00+00:00,791047.0
339,2015-06-29 00:00:00+00:00,915699.0
340,2015-07-06 00:00:00+00:00,1345632.0
341,2015-07-13 00:00:00+00:00,880758.0
342,2015-07-20 00:00:00+00:00,803160.0
343,2015-07-27 00:00:00+00:00,898937.0
344,2015-08-03 00:00:00+00:00,824378.0
345,2015-08-10 00:00:00+00:00,762684.0
346,2015-08-17 00:00:00+00:00,787214.0
347,2015-08-24 00:00:00+00:00,816485.0
348,2015-08-31 00:00:00+00:00,870902.0
349,2015-09-07 00:00:00+00:00,966044.0
350,2015-09-14 00:00:00+00:00,1141775.0
351,2015-09-21 00:00:00+00:00,877767.0
352,2015-09-28 00:00:00+00:00,916253.0
353,2015-10-05 00:00:00+00:00,891536.0
354,2015-10-12 00:00:00+00:00,963671.0
355,2015-10-19 00:00:00+00:00,1003003.0
356,2015-10-26 00:00:00+00:00,1065960.0
357,2015-11-02 00:00:00+00:00,1196417.0
358,2015-11-09 00:00:00+00:00,1087244.0
359,2015-11-16 00:00:00+00:00,1071224.0
360,2015-11-23 00:00:00+00:00,1069889.0
361,2015-11-30 00:00:00+00:00,1248549.0
362,2015-12-07 00:00:00+00:00,1424724.0
363,2015-12-14 00:00:00+00:00,1513762.0
364,2015-12-21 00:00:00+00:00,1403481.0
365,2015-12-28 00:00:00+00:00,1105294.0
366,2016-01-04 00:00:00+00:00,1248741.0
367,2016-01-11 00:00:00+00:00,1336453.0
368,2016-01-18 00:00:00+00:00,1438085.0
369,2016-01-25 00:00:00+00:00,1502608.0
370,2016-02-01 00:00:00+00:00,1517839.0
371,2016-02-08 00:00:00+00:00,1485746.0
372,2016-02-15 00:00:00+00:00,1516284.0
373,2016-02-22 00:00:00+00:00,1542909.0
374,2016-02-29 00:00:00+00:00,1638488.0
375,2016-03-07 00:00:00+00:00,1270299.0
376,2016-03-14 00:00:00+00:00,1375721.0
377,2016-03-21 00:00:00+00:00,1272740.0
378,2016-03-28 00:00:00+00:00,1374847.0
379,2016-04-04 00:00:00+00:00,1460444.0
380,2016-04-11 00:00:00+00:00,1508290.0
381,2016-04-18 00:00:00+00:00,1455828.0
382,2016-04-25 00:00:00+00:00,1624726.0
383,2016-05-02 00:00:00+00:00,1546977.0
384,2016-05-09 00:00:00+00:00,1578588.0
385,2016-05-16 00:00:00+00:00,1517868.0
386,2016-05-23 00:00:00+00:00,1524295.0
387,2016-05-30 00:00:00+00:00,1513236.0
388,2016-06-06 00:00:00+00:00,1570710.0
389,2016-06-13 00:00:00+00:00,1732622.0
390,2016-06-20 00:00:00+00:00,1600331.0
391,2016-06-27 00:00:00+00:00,1467511.0
392,2016-07-04 00:00:00+00:00,1417812.0
393,2016-07-11 00:00:00+00:00,1440607.0
394,2016-07-18 00:00:00+00:00,1491106.0
395,2016-07-25 00:00:00+00:00,1571006.0
396,2016-08-01 00:00:00+00:00,1566091.0
397,2016-08-08 00:00:00+00:00,1613666.0
398,2016-08-15 00:00:00+00:00,1574094.0
399,2016-08-22 00:00:00+00:00,1528887.0
400,2016-08-29 00:00:00+00:00,1531414.0
401,2016-09-05 00:00:00+00:00,1531861.0
402,2016-09-12 00:00:00+00:00,1532083.0
403,2016-09-19 00:00:00+00:00,1565777.0
404,2016-09-26 00:00:00+00:00,1606385.0
405,2016-10-03 00:00:00+00:00,1792308.0
406,2016-10-10 00:00:00+00:00,1597752.0
407,2016-10-17 00:00:00+00:00,1631857.0
408,2016-10-24 00:00:00+00:00,1702261.0
409,2016-10-31 00:00:00+00:00,1740888.0
410,2016-11-07 00:00:00+00:00,1814972.0
411,2016-11-14 00:00:00+00:00,1887383.0
412,2016-11-21 00:00:00+00:00,2007274.0
413,2016-11-28 00:00:00+00:00,1969632.0
414,2016-12-05 00:00:00+00:00,1940217.0
415,2016-12-12 00:00:00+00:00,1882712.0
416,2016-12-19 00:00:00+00:00,1962104.0
417,2016-12-26 00:00:00+00:00,1869052.0
418,2017-01-02 00:00:00+00:00,2098324.0
419,2017-01-09 00:00:00+00:00,1943033.0
420,2017-01-16 00:00:00+00:00,1956867.0
421,2017-01-23 00:00:00+00:00,1883543.0
422,2017-01-30 00:00:00+00:00,2065652.0
423,2017-02-06 00:00:00+00:00,2012374.0
424,2017-02-13 00:00:00+00:00,2038994.0
425,2017-02-20 00:00:00+00:00,2105454.0
426,2017-02-27 00:00:00+00:00,2139109.0
427,2017-03-06 00:00:00+00:00,2026646.0
428,2017-03-13 00:00:00+00:00,2028004.0
429,2017-03-20 00:00:00+00:00,1923963.0
430,2017-03-27 00:00:00+00:00,1858488.0
431,2017-04-03 00:00:00+00:00,1911884.0
432,2017-04-10 00:00:00+00:00,1860791.0
433,2017-04-17 00:00:00+00:00,1970399.0
434,2017-04-24 00:00:00+00:00,2108492.0
435,2017-05-01 00:00:00+00:00,2224059.0
436,2017-05-08 00:00:00+00:00,2320171.0
437,2017-05-15 00:00:00+00:00,2168001.0
438,2017-05-22 00:00:00+00:00,2357731.0
439,2017-05-29 00:00:00+00:00,2153845.0
440,2017-06-05 00:00:00+00:00,1994512.0
441,2017-06-12 00:00:00+00:00,1857509.0
442,2017-06-19 00:00:00+00:00,1756884.0
443,2017-06-26 00:00:00+00:00,1718263.0
444,2017-07-03 00:00:00+00:00,1623414.0
445,2017-07-10 00:00:00+00:00,1673433.0
446,2017-07-17 00:00:00+00:00,1647689.0
447,2017-07-24 00:00:00+00:00,1589816.0
448,2017-07-31 00:00:00+00:00,1460415.0
449,2017-08-07 00:00:00+00:00,1851328.0
450,2017-08-14 00:00:00+00:00,1978483.0
451,2017-08-21 00:00:00+00:00,1649139.0
452,2017-08-28 00:00:00+00:00,1772847.0
453,2017-09-04 00:00:00+00:00,1770445.0
454,2017-09-11 00:00:00+00:00,1759129.0
455,2017-09-18 00:00:00+00:00,1608854.0
456,2017-09-25 00:00:00+00:00,1694957.0
457,2017-10-02 00:00:00+00:00,1836513.0
458,2017-10-09 00:00:00+00:00,2072102.0
459,2017-10-16 00:00:00+00:00,2249524.0
460,2017-10-23 00:00:00+00:00,2032341.0
461,2017-10-30 00:00:00+00:00,2110062.0
462,2017-11-06 00:00:00+00:00,1901637.0
463,2017-11-13 00:00:00+00:00,2055824.0
464,2017-11-20 00:00:00+00:00,2343636.0
465,2017-11-27 00:00:00+00:00,2620015.0
466,2017-12-04 00:00:00+00:00,2754810.0
467,2017-12-11 00:00:00+00:00,2818606.0
468,2017-12-18 00:00:00+00:00,2447002.0
469,2017-12-25 00:00:00+00:00,2077714.0
470,2018-01-01 00:00:00+00:00,2473449.0
471,2018-01-08 00:00:00+00:00,2192160.0
472,2018-01-15 00:00:00+00:00,1902466.0
473,2018-01-22 00:00:00+00:00,1631984.0
474,2018-01-29 00:00:00+00:00,1535221.0
475,2018-02-05 00:00:00+00:00,1354342.0
476,2018-02-12 00:00:00+00:00,1285524.0
477,2018-02-19 00:00:00+00:00,1258854.0
478,2018-02-26 00:00:00+00:00,1361393.0
479,2018-03-05 00:00:00+00:00,1323146.0
480,2018-03-12 00:00:00+00:00,1287638.0
481,2018-03-19 00:00:00+00:00,1238908.0
482,2018-03-26 00:00:00+00:00,1214533.0
483,2018-04-02 00:00:00+00:00,1200702.0
484,2018-04-09 00:00:00+00:00,1310261.0
485,2018-04-16 00:00:00+00:00,1385811.0
486,2018-04-23 00:00:00+00:00,1506331.0
487,2018-04-30 00:00:00+00:00,1449416.0
488,2018-05-07 00:00:00+00:00,1392885.0
489,2018-05-14 00:00:00+00:00,1369055.0
490,2018-05-21 00:00:00+00:00,1335273.0
491,2018-05-28 00:00:00+00:00,1350856.0
492,2018-06-04 00:00:00+00:00,1388355.0
493,2018-06-11 00:00:00+00:00,1359508.0
494,2018-06-18 00:00:00+00:00,1310573.0
495,2018-06-25 00:00:00+00:00,1306904.0
496,2018-07-02 00:00:00+00:00,1349267.0
497,2018-07-09 00:00:00+00:00,1374277.0
498,2018-07-16 00:00:00+00:00,1483077.0
499,2018-07-23 00:00:00+00:00,1556767.0
500,2018-07-30 00:00:00+00:00,1533515.0
501,2018-08-06 00:00:00+00:00,1492919.0
502,2018-08-13 00:00:00+00:00,1540381.0
503,2018-08-20 00:00:00+00:00,1469460.0
504,2018-08-27 00:00:00+00:00,1568146.0
505,2018-09-03 00:00:00+00:00,1578030.0
506,2018-09-10 00:00:00+00:00,1541725.0
507,2018-09-17 00:00:00+00:00,1688029.0
508,2018-09-24 00:00:00+00:00,1663184.0
509,2018-10-01 00:00:00+00:00,1652345.0
510,2018-10-08 00:00:00+00:00,1630845.0
511,2018-10-15 00:00:00+00:00,1731876.0
512,2018-10-22 00:00:00+00:00,1724088.0
513,2018-10-29 00:00:00+00:00,1891820.0
514,2018-11-05 00:00:00+00:00,1936451.0
515,2018-11-12 00:00:00+00:00,1949022.0
516,2018-11-19 00:00:00+00:00,1842013.0
517,2018-11-26 00:00:00+00:00,1740954.0
518,2018-12-03 00:00:00+00:00,1770559.0
519,2018-12-10 00:00:00+00:00,1804818.0
520,2018-12-17 00:00:00+00:00,1937276.0
521,2018-12-24 00:00:00+00:00,1959560.0
522,2018-12-31 00:00:00+00:00,1862607.0
523,2019-01-07 00:00:00+00:00,2116571.0
524,2019-01-14 00:00:00+00:00,2113632.0
525,2019-01-21 00:00:00+00:00,2078903.0
526,2019-01-28 00:00:00+00:00,2271693.0
527,2019-02-04 00:00:00+00:00,2337780.0
528,2019-02-11 00:00:00+00:00,2250761.0
529,2019-02-18 00:00:00+00:00,2303422.0
530,2019-02-25 00:00:00+00:00,2459558.0
531,2019-03-04 00:00:00+00:00,1887923.0
532,2019-03-11 00:00:00+00:00,1952807.0
533,2019-03-18 00:00:00+00:00,1978184.0
534,2019-03-25 00:00:00+00:00,2594742.0
535,2019-04-01 00:00:00+00:00,2582611.0
536,2019-04-08 00:00:00+00:00,2598664.0
537,2019-04-15 00:00:00+00:00,2546411.0
538,2019-04-22 00:00:00+00:00,2565643.0
539,2019-04-29 00:00:00+00:00,2671562.0
540,2019-05-06 00:00:00+00:00,2469560.0
541,2019-05-13 00:00:00+00:00,2569978.0
542,2019-05-20 00:00:00+00:00,2633053.0
543,2019-05-27 00:00:00+00:00,2504132.0
544,2019-06-03 00:00:00+00:00,2351543.0
545,2019-06-10 00:00:00+00:00,2377506.0
546,2019-06-17 00:00:00+00:00,2518954.0
547,2019-06-24 00:00:00+00:00,2604908.0
548,2019-07-01 00:00:00+00:00,2518929.0
549,2019-07-08 00:00:00+00:00,2354725.0
550,2019-07-15 00:00:00+00:00,2259912.0
551,2019-07-22 00:00:00+00:00,2148354.0
552,2019-07-29 00:00:00+00:00,2335223.0
553,2019-08-05 00:00:00+00:00,2333117.0
554,2019-08-12 00:00:00+00:00,2272080.0
555,2019-08-19 00:00:00+00:00,2228673.0
556,2019-08-26 00:00:00+00:00,2309000.0
557,2019-09-02 00:00:00+00:00,2343497.0
558,2019-09-09 00:00:00+00:00,2213750.0
559,2019-09-16 00:00:00+00:00,2396069.0
560,2019-09-23 00:00:00+00:00,2248812.0
561,2019-09-30 00:00:00+00:00,2243229.0
562,2019-10-07 00:00:00+00:00,2247859.0
563,2019-10-14 00:00:00+00:00,2250664.0
564,2019-10-21 00:00:00+00:00,2236991.0
565,2019-10-28 00:00:00+00:00,2120503.0
566,2019-11-04 00:00:00+00:00,2200319.0
567,2019-11-11 00:00:00+00:00,2170040.0
568,2019-11-18 00:00:00+00:00,2161672.0
569,2019-11-25 00:00:00+00:00,2091369.0
570,2019-12-02 00:00:00+00:00,2179517.0
571,2019-12-09 00:00:00+00:00,2116561.0
572,2019-12-16 00:00:00+00:00,2204988.0
573,2019-12-23 00:00:00+00:00,2036426.0
574,2019-12-30 00:00:00+00:00,2056757.0
575,2020-01-06 00:00:00+00:00,2206241.0
576,2020-01-13 00:00:00+00:00,2192344.0
577,2020-01-20 00:00:00+00:00,2148093.0
578,2020-01-27 00:00:00+00:00,2221449.0
579,2020-02-03 00:00:00+00:00,2294547.0
580,2020-02-10 00:00:00+00:00,2289418.0
581,2020-02-17 00:00:00+00:00,2252632.0
582,2020-02-24 00:00:00+00:00,2318197.0
583,2020-03-02 00:00:00+00:00,2347808.0
584,2020-03-09 00:00:00+00:00,2095235.0
585,2020-03-16 00:00:00+00:00,1785312.0
586,2020-03-23 00:00:00+00:00,1798944.0
587,2020-03-30 00:00:00+00:00,1920382.0
588,2020-04-06 00:00:00+00:00,1931475.0
589,2020-04-13 00:00:00+00:00,2046000.0
590,2020-04-20 00:00:00+00:00,2083154.0
591,2020-04-27 00:00:00+00:00,2197164.0
592,2020-05-04 00:00:00+00:00,2253367.0
593,2020-05-11 00:00:00+00:00,2060605.0
594,2020-05-18 00:00:00+00:00,1889684.0
595,2020-05-25 00:00:00+00:00,1979927.0
596,2020-06-01 00:00:00+00:00,2109034.0
597,2020-06-08 00:00:00+00:00,2176180.0
598,2020-06-15 00:00:00+00:00,2140134.0
599,2020-06-22 00:00:00+00:00,2151935.0
600,2020-06-29 00:00:00+00:00,2230956.0
601,2020-07-06 00:00:00+00:00,2330046.0
602,2020-07-13 00:00:00+00:00,2214009.0
603,2020-07-20 00:00:00+00:00,2285550.0
604,2020-07-27 00:00:00+00:00,2297301.0
605,2020-08-03 00:00:00+00:00,2189743.0
606,2020-08-10 00:00:00+00:00,2294578.0
607,2020-08-17 00:00:00+00:00,2221266.0
608,2020-08-24 00:00:00+00:00,2200502.0
609,2020-08-31 00:00:00+00:00,2194428.0
610,2020-09-07 00:00:00+00:00,2184760.0
611,2020-09-14 00:00:00+00:00,2258776.0
612,2020-09-21 00:00:00+00:00,2165698.0
613,2020-09-28 00:00:00+00:00,2193663.0
614,2020-10-05 00:00:00+00:00,2207614.0
615,2020-10-12 00:00:00+00:00,2134196.0
616,2020-10-19 00:00:00+00:00,2157787.0
617,2020-10-26 00:00:00+00:00,1862282.0
618,2020-11-02 00:00:00+00:00,2049946.0
619,2020-11-09 00:00:00+00:00,2103051.0
620,2020-11-16 00:00:00+00:00,2262657.0
621,2020-11-23 00:00:00+00:00,2197065.0
622,2020-11-30 00:00:00+00:00,2168676.0
623,2020-12-07 00:00:00+00:00,2142909.0
624,2020-12-14 00:00:00+00:00,2260616.0
625,2020-12-21 00:00:00+00:00,2088879.0
626,2020-12-28 00:00:00+00:00,2242777.0
627,2021-01-04 00:00:00+00:00,2538733.0
628,2021-01-11 00:00:00+00:00,2252898.0
629,2021-01-18 00:00:00+00:00,2130577.0
630,2021-01-25 00:00:00+00:00,2238838.0
631,2021-02-01 00:00:00+00:00,2338418.0
632,2021-02-08 00:00:00+00:00,2316215.0
633,2021-02-15 00:00:00+00:00,2176034.0
634,2021-02-22 00:00:00+00:00,2138991.0
635,2021-03-01 00:00:00+00:00,2108150.0
636,2021-03-08 00:00:00+00:00,2133436.0
637,2021-03-15 00:00:00+00:00,2077625.0
638,2021-03-22 00:00:00+00:00,2065773.0
639,2021-03-29 00:00:00+00:00,2102595.0
640,2021-04-05 00:00:00+00:00,2075719.0
641,2021-04-12 00:00:00+00:00,1947535.0
642,2021-04-19 00:00:00+00:00,1816483.0
643,2021-04-26 00:00:00+00:00,1862981.0
644,2021-05-03 00:00:00+00:00,2039530.0
645,2021-05-10 00:00:00+00:00,1909925.0
646,2021-05-17 00:00:00+00:00,1607857.0
647,2021-05-24 00:00:00+00:00,1509625.0
648,2021-05-31 00:00:00+00:00,1583797.0
649,2021-06-07 00:00:00+00:00,1572653.0
650,2021-06-14 00:00:00+00:00,1552148.0
651,2021-06-21 00:00:00+00:00,1388966.0
652,2021-06-28 00:00:00+00:00,1473484.0
653,2021-07-05 00:00:00+00:00,1484903.0
654,2021-07-12 00:00:00+00:00,1479271.0
655,2021-07-19 00:00:00+00:00,1527030.0
656,2021-07-26 00:00:00+00:00,1678928.0
657,2021-08-02 00:00:00+00:00,1635908.0
658,2021-08-09 00:00:00+00:00,1682963.0
659,2021-08-16 00:00:00+00:00,1703950.0
660,2021-08-23 00:00:00+00:00,1723050.0
661,2021-08-30 00:00:00+00:00,1809672.0
662,2021-09-06 00:00:00+00:00,1762875.0
663,2021-09-13 00:00:00+00:00,1763494.0
664,2021-09-20 00:00:00+00:00,1744425.0
665,2021-09-27 00:00:00+00:00,1808345.0
666,2021-10-04 00:00:00+00:00,1912840.0
667,2021-10-11 00:00:00+00:00,1909319.0
668,2021-10-18 00:00:00+00:00,1932653.0
669,2021-10-25 00:00:00+00:00,1941610.0
670,2021-11-01 00:00:00+00:00,1916878.0
671,2021-11-08 00:00:00+00:00,1960606.0
672,2021-11-15 00:00:00+00:00,1931115.0
673,2021-11-22 00:00:00+00:00,1896143.0
674,2021-11-29 00:00:00+00:00,1955882.0
675,2021-12-06 00:00:00+00:00,1833611.0
676,2021-12-13 00:00:00+00:00,1803179.0
677,2021-12-20 00:00:00+00:00,1818896.0
678,2021-12-27 00:00:00+00:00,1689313.0
679,2022-01-03 00:00:00+00:00,1735835.0
680,2022-01-10 00:00:00+00:00,1812295.0
681,2022-01-17 00:00:00+00:00,1791425.0
682,2022-01-24 00:00:00+00:00,1755655.0
683,2022-01-31 00:00:00+00:00,1806511.0
684,2022-02-07 00:00:00+00:00,1761262.0
685,2022-02-14 00:00:00+00:00,1725839.0
686,2022-02-21 00:00:00+00:00,1695008.0
687,2022-02-28 00:00:00+00:00,1802991.0
688,2022-03-07 00:00:00+00:00,1731193.0
689,2022-03-14 00:00:00+00:00,1792249.0
690,2022-03-21 00:00:00+00:00,1791602.0
691,2022-03-28 00:00:00+00:00,1896429.0
692,2022-04-04 00:00:00+00:00,1807623.0
693,2022-04-11 00:00:00+00:00,1785608.0
694,2022-04-18 00:00:00+00:00,1805582.0
695,2022-04-25 00:00:00+00:00,1894099.0
696,2022-05-02 00:00:00+00:00,1851307.0
697,2022-05-09 00:00:00+00:00,1891594.0
698,2022-05-16 00:00:00+00:00,1777322.0
699,2022-05-23 00:00:00+00:00,1757287.0
700,2022-05-30 00:00:00+00:00,1772645.0
701,2022-06-06 00:00:00+00:00,1763595.0
702,2022-06-13 00:00:00+00:00,1802540.0
703,2022-06-20 00:00:00+00:00,1680879.0
704,2022-06-27 00:00:00+00:00,1756558.0
705,2022-07-04 00:00:00+00:00,1723175.0
706,2022-07-11 00:00:00+00:00,1712475.0
707,2022-07-18 00:00:00+00:00,1748955.0
708,2022-07-25 00:00:00+00:00,1784808.0
709,2022-08-01 00:00:00+00:00,1780623.0
710,2022-08-08 00:00:00+00:00,1777056.0
711,2022-08-15 00:00:00+00:00,1771945.0
712,2022-08-22 00:00:00+00:00,1714779.0
713,2022-08-29 00:00:00+00:00,1760850.0
714,2022-09-05 00:00:00+00:00,1799552.0
715,2022-09-12 00:00:00+00:00,1798049.0
716,2022-09-19 00:00:00+00:00,1751754.0
717,2022-09-26 00:00:00+00:00,1804129.0
718,2022-10-03 00:00:00+00:00,1814716.0
719,2022-10-10 00:00:00+00:00,1806351.0
720,2022-10-17 00:00:00+00:00,1767378.0
721,2022-10-24 00:00:00+00:00,1844924.0
722,2022-10-31 00:00:00+00:00,1876940.0
723,2022-11-07 00:00:00+00:00,1897108.0
724,2022-11-14 00:00:00+00:00,1815052.0
725,2022-11-21 00:00:00+00:00,1763398.0
726,2022-11-28 00:00:00+00:00,1833517.0
727,2022-12-05 00:00:00+00:00,1797792.0
728,2022-12-12 00:00:00+00:00,1833073.0
729,2022-12-19 00:00:00+00:00,1764240.0
730,2022-12-26 00:00:00+00:00,1722623.0
731,2023-01-02 00:00:00+00:00,1809967.0
732,2023-01-09 00:00:00+00:00,2072145.0
733,2023-01-16 00:00:00+00:00,2044925.0
734,2023-01-23 00:00:00+00:00,2020234.0
735,2023-01-30 00:00:00+00:00,2183698.0
736,2023-02-06 00:00:00+00:00,2128921.0
737,2023-02-13 00:00:00+00:00,2110617.0
738,2023-02-20 00:00:00+00:00,1963663.0
739,2023-02-27 00:00:00+00:00,2285296.0
740,2023-03-06 00:00:00+00:00,2222041.0
741,2023-03-13 00:00:00+00:00,2205951.0
742,2023-03-20 00:00:00+00:00,2105575.0
743,2023-03-27 00:00:00+00:00,2243476.0
744,2023-04-03 00:00:00+00:00,2406844.0
745,2023-04-10 00:00:00+00:00,2169183.0
746,2023-04-17 00:00:00+00:00,2366850.0
747,2023-04-24 00:00:00+00:00,3123458.0
748,2023-05-01 00:00:00+00:00,3741117.0
749,2023-05-08 00:00:00+00:00,4108000.0
750,2023-05-15 00:00:00+00:00,3578834.0
751,2023-05-22 00:00:00+00:00,3385003.0
752,2023-05-29 00:00:00+00:00,3068045.0
753,2023-06-05 00:00:00+00:00,2813767.0
754,2023-06-12 00:00:00+00:00,2962166.0
755,2023-06-19 00:00:00+00:00,2736847.0
756,2023-06-26 00:00:00+00:00,2687699.0
757,2023-07-03 00:00:00+00:00,3316812.0
758,2023-07-10 00:00:00+00:00,3295378.0
759,2023-07-17 00:00:00+00:00,3064166.0
760,2023-07-24 00:00:00+00:00,3376491.0
761,2023-07-31 00:00:00+00:00,3151144.0
762,2023-08-07 00:00:00+00:00,3131097.0
763,2023-08-14 00:00:00+00:00,3776180.0
764,2023-08-21 00:00:00+00:00,3124215.0
765,2023-08-28 00:00:00+00:00,3261635.0
766,2023-09-04 00:00:00+00:00,3629188.0
767,2023-09-11 00:00:00+00:00,3918177.0
768,2023-09-18 00:00:00+00:00,3625532.0
769,2023-09-25 00:00:00+00:00,2238038.0
770,2023-10-02 00:00:00+00:00,2047324.0
771,2023-10-09 00:00:00+00:00,1897059.0
772,2023-10-16 00:00:00+00:00,1966357.0
773,2023-10-23 00:00:00+00:00,3010928.0
774,2023-10-30 00:00:00+00:00,3588784.0
775,2023-11-06 00:00:00+00:00,3901044.0
776,2023-11-13 00:00:00+00:00,4018786.0
777,2023-11-20 00:00:00+00:00,4106414.0
778,2023-11-27 00:00:00+00:00,3333325.0
779,2023-12-04 00:00:00+00:00,3460231.0
780,2023-12-11 00:00:00+00:00,4115141.0
781,2023-12-18 00:00:00+00:00,4431928.0
782,2023-12-25 00:00:00+00:00,3898793.0
783,2024-01-01 00:00:00+00:00,3162089.0
784,2024-01-08 00:00:00+00:00,3335457.0
785,2024-01-15 00:00:00+00:00,3436349.0
786,2024-01-22 00:00:00+00:00,3265956.0
787,2024-01-29 00:00:00+00:00,3237916.0
788,2024-02-05 00:00:00+00:00,2335488.0
789,2024-02-12 00:00:00+00:00,2307024.0
790,2024-02-19 00:00:00+00:00,2666667.0
791,2024-02-26 00:00:00+00:00,2708714.0
792,2024-03-04 00:00:00+00:00,2758036.0
793,2024-03-11 00:00:00+00:00,2485562.0
794,2024-03-18 00:00:00+00:00,2567049.0
795,2024-03-25 00:00:00+00:00,2678546.0
796,2024-04-01 00:00:00+00:00,2686062.0
797,2024-04-08 00:00:00+00:00,3345713.0
798,2024-04-15 00:00:00+00:00,3427587.0
799,2024-04-22 00:00:00+00:00,4114571.0
800,2024-04-29 00:00:00+00:00,3668872.0
801,2024-05-06 00:00:00+00:00,3850770.0
802,2024-05-13 00:00:00+00:00,3565369.0
803,2024-05-20 00:00:00+00:00,4924210.0
804,2024-05-27 00:00:00+00:00,4554948.0
805,2024-06-03 00:00:00+00:00,4114554.0
806,2024-06-10 00:00:00+00:00,4062630.0
807,2024-06-17 00:00:00+00:00,3992342.0
808,2024-06-24 00:00:00+00:00,3781474.0
809,2024-07-01 00:00:00+00:00,4108819.0
810,2024-07-08 00:00:00+00:00,4501447.0
811,2024-07-15 00:00:00+00:00,4191305.0
812,2024-07-22 00:00:00+00:00,4638645.0
813,2024-07-29 00:00:00+00:00,4055244.0
814,2024-08-05 00:00:00+00:00,3491536.0
815,2024-08-12 00:00:00+00:00,4243320.0
816,2024-08-19 00:00:00+00:00,5053575.0
817,2024-08-26 00:00:00+00:00,4428349.0
818,2024-09-02 00:00:00+00:00,5140418.0
819,2024-09-09 00:00:00+00:00,3886461.0
820,2024-09-16 00:00:00+00:00,3752900.0
821,2024-09-23 00:00:00+00:00,3737405.0
822,2024-09-30 00:00:00+00:00,4462034.0
823,2024-10-07 00:00:00+00:00,4738568.0
824,2024-10-14 00:00:00+00:00,4607856.0
825,2024-10-21 00:00:00+00:00,4704778.0
