time,open,high,low,close,SMA #1,SMA #2,SMA #4,Volume,EMA,Histogram,MACD,Signal
1704153600,51.90934431577118,52.51492171571201,51.90934431577118,52.51492171571201,51.753920403627504,52.46427280634632,51.31777946470601,163963815795.7792,51.08728596192824,-0.021461688153697867,-0.39326469856685264,-0.3718030104131548
1704240000,52.50749115956109,53.36538478416885,52.22186669247195,52.6480399345701,51.79628181486678,52.445431231045156,51.332504074307444,215646649898.42572,51.10281585220328,0.04386248328650744,-0.31697490630502045,-0.3608373895915279
1704326400,52.6190248289974,52.776052397132304,52.6190248289974,52.766505889731505,51.86636757192106,52.42263509031177,51.3480536648369,194506054738.2716,51.11936998192993,0.09335697065596726,-0.24414117627156884,-0.3374981469275361
1704412800,52.760889341413694,53.15152394614282,52.6554789815434,53.15152394614282,52.00795805537266,52.426272975603865,51.36392739017709,161638472294.1885,51.13959041938478,0.14713308887532373,-0.15358178583338145,-0.30071487470870517
1704499200,53.10903227393634,53.66428856231933,53.06568852379826,53.53451135792814,52.21382494596486,52.45103419201987,51.37783718938086,127049852131.34589,51.16342047847476,0.20030888031694938,-0.050328774312518476,-0.25063765462946785
1704585600,53.52570952559792,53.993162276770775,53.453585886565925,53.95457771205496,52.47524461228917,52.47311507096439,51.3908825922193,88522224282.57433,51.191193187266606,0.2522305827288645,0.06465057378161276,-0.18758000894725174
1704672000,53.952639330189534,54.515438588302835,53.952639330189534,54.515438588302835,52.79856142155258,52.51941731629553,51.40629490739401,147389589547.1829,51.22427025593363,0.30905471795676454,0.19873838849870396,-0.1103163294580606
1704758400,54.49442587585233,54.56338571426726,54.23961388868966,54.23961388868966,53.08405742927054,52.53449980599019,51.41894672834896,178046604942.2677,51.25427367516504,0.3118730710127882,0.2795250093079247,-0.03234806170486354
1704844800,54.227668804825605,54.227668804825605,52.914221607617264,52.914221607617264,53.21600799316478,52.52251634190911,51.42448616786155,200950546372.96713,51.27079057001531,0.2130021304632843,0.23390460137424185,0.020902470910957538
1704931200,52.91472123291201,53.0821484695838,52.49501140395125,52.49501140395125,53.27343660446983,52.510058977208395,51.42940234941056,274778497890.27704,51.28297187184552,0.11292223704320196,0.16205526721496,0.04913303017175803
1705017600,52.482375461318554,52.482375461318554,51.337792223995535,51.441607826803285,53.16610521557895,52.46001280960347,51.428035414023114,221256211690.6189,51.28455033905903,-0.023399163351892724,0.019884075981892124,0.04328323933378485
1705104000,51.422366900302954,51.61929613032804,51.033306157376614,51.033306157376614,53.004631837859606,52.40045682636344,51.424272961806146,217644826919.53174,51.28205039695274,-0.13406761703357928,-0.12430128195818924,0.009766335075390029
1705190400,51.0330512468846,51.12935940025375,50.81904220248534,51.049110930450404,52.8328923419315,52.34962995692653,51.41936529101889,93451069224.12935,51.2797325913159,-0.1954848278938069,-0.2345896997918686,-0.03910487189806171
1705276800,51.04208266337361,51.16281399936522,51.04208266337361,51.13020993347479,52.630760940664686,52.319359498018926,51.41492041877146,118344827527.0911,51.27824480367569,-0.21820024754675243,-0.31185518133150225,-0.09365493378474982
1705363200,51.12196201977266,51.1474504904195,51.08283835242128,51.08283835242128,52.38559364011401,52.29970929303969,51.414427684945025,116747542463.25227,51.27630046087714,-0.22316872445921807,-0.3726158393587724,-0.14944711489955434
1705449600,51.08079169085442,51.17251561743822,50.88983669982322,51.17251561743822,52.10738743065233,52.291316021471005,51.41432971882564,132287180798.66287,51.275267775867796,-0.2074985218570396,-0.40882026722085385,-0.20132174536381425
1705536000,51.1813938359079,51.1813938359079,51.011677797527014,51.011677797527014,51.75701135157475,52.27778638656391,51.413881552610285,115722264697.59154,51.27264499001366,-0.19522820905418647,-0.4453570066815473,-0.25012879762736084
1705622400,51.00641582713396,51.21011933846932,51.00641582713396,51.13738186979377,51.446788149685155,52.2654227894781,51.41276341089356,140035813723.64618,51.27129908831993,-0.16700071265985972,-0.4588796884521855,-0.2918789757923258
1705708800,51.12749271754321,51.38828399623979,51.018444733433824,51.13583314743142,51.26894930366657,52.24247864841593,51.41209455398485,122166868495.113,51.26995116851009,-0.1379916423997115,-0.4643685287919652,-0.3263768863922537
1705795200,51.12420477690749,51.27829622334098,51.015481357822644,51.24253683394524,51.14370184666597,52.20856922556815,51.41147076240701,61698087909.171524,51.26967838906168,-0.1027904734773471,-0.45486497823893757,-0.35207450476159047
1705881600,51.25497238297033,51.28462443653302,51.17054946765147,51.1835770927455,51.117898773260194,52.14200199441982,51.40986733454896,99270395420.42192,51.2688216597451,-0.07589149317174015,-0.44693887122626563,-0.3710473780545255
1705968000,51.18146152876625,51.88778243301696,51.1499491016347,51.77188103437167,51.1917562609597,52.098194049409905,51.41091569929995,167722881554.4223,51.27382722566178,-0.014126424670901305,-0.3887054088931521,-0.3745789842222508
1706054400,51.74497802180027,51.914091872234756,51.7424138113949,51.7424138113949,51.261086549054156,52.04698944549308,51.41194057520432,141489592788.669,51.27848977875365,0.026861689970016922,-0.3410018717597296,-0.36786356172974655
1706140800,51.740876913098035,52.06200253874144,51.713358784821075,51.87709142853739,51.33577469856041,51.983267819612806,51.41380736644415,105030237491.7164,51.28444601407488,0.06309266474802194,-0.28899773079471913,-0.3520903955427411
1706227200,51.856501287079396,52.35988653525755,51.856501287079396,52.310928118446384,51.45858367516293,51.92208865763871,51.41800599823887,114794602987.18988,51.294659766357185,0.11339050104287679,-0.21035226923914507,-0.32374277028202186
1706313600,52.31518555807339,52.3792906087585,52.234180661334136,52.3792906087585,51.57926117429495,51.84332430247389,51.421899684662186,104271570108.10179,51.30545211304774,0.14628632843197625,-0.14088485974205156,-0.2871711881740278
1706400000,52.376752671225965,52.39757229965545,52.313709125251165,52.39757229965545,51.7178506245078,51.737430988041524,51.426479817914206,80240871008.93828,51.31631898057618,0.16302100438839456,-0.0833949326885346,-0.24641593707692916
1706486400,52.37812207189897,52.507086986743964,52.37812207189897,52.507086986743964,51.854821136202816,51.65080464294424,51.43830895455139,82551057250.11954,51.328167418448494,0.1741996431892321,-0.028666383090389047,-0.20286602627962114
1706572800,52.50752728723176,52.51961225682592,52.26815438118702,52.3845210497813,51.9796899264378,51.62431961505244,51.45004707267497,125971100534.31285,51.33867839985479,0.1661019833534331,0.004761452912170228,-0.16134053044126287
1706659200,52.37003820357009,52.78945661531934,52.37003820357009,52.73123621364355,52.128559864407634,51.636130855537054,51.46366359430249,125635029887.49693,51.35253469650941,0.17591664919487288,0.05855528105232821,-0.11736136814254465
1706745600,52.705549329731895,52.772027288765145,52.705549329731895,52.772027288765145,52.2874048840096,51.702651828635155,51.47696061972763,134601470085.5059,51.36665900090996,0.176519602473256,0.10328813494902533,-0.07323146752423065
1706832000,52.771572585188274,52.771572585188274,52.54333774564992,52.648580275305804,52.37507480810301,51.78341553453161,51.489808128604444,106266298486.22739,51.37941443647609,0.1604336099670547,0.1273105449345877,-0.03312306503246698
1706918400,52.63296331567968,52.716952153087895,52.445868631769535,52.65497659861569,52.466331086825086,51.86370881793988,51.50307081811966,84845334864.13864,51.3921065972934,0.14265120163511594,0.14519093701142793,0.0025397353763120037
1707004800,52.653712233133376,52.653712233133376,52.494886734829606,52.582133892649395,52.5368353332363,51.93630501589861,51.51642518987166,65237065954.20517,51.403947664908884,0.11935571528194189,0.15173437947873936,0.032378664196797476
1707091200,52.56279024370563,52.64308143114261,52.556639667924934,52.556639667924934,52.56140648818415,52.009995081673786,51.53023239943623,82719922556.00536,51.415417237078195,0.09657555995959877,0.15309811414629593,0.05652255418669717
1707177600,52.57614212838312,52.711513003174936,52.37534843690666,52.50258316216095,52.57373574352439,52.07649845890992,51.54343054865659,97717784825.06104,51.42623480847205,0.07326968424255433,0.14810965948989008,0.07483997524733575
1707264000,52.4971178031665,52.71930626711926,52.4971178031665,52.71930626711926,52.605909140270775,52.16187988238953,51.55646949185367,91119610259.07523,51.43910119114516,0.06796955541765924,0.1598019195194098,0.09183236410175057
1707350400,52.69990695849241,53.098238428322716,52.69990695849241,53.098238428322716,52.66502428442865,52.25992271031598,51.571230688814424,128466962634.44962,51.45561001937578,0.08442980808053244,0.1973696242024161,0.11293981612188367
1707436800,53.094641524423004,53.72696881912222,53.094641524423004,53.49180930928894,52.77575311037941,52.37772151840886,51.589107308835544,159312287992.88336,51.47587070882766,0.11440794893296419,0.2559497522880889,0.14154180335512473
1707523200,53.48336865303549,53.670896652436554,53.48336865303549,53.670896652436554,52.86971915425871,52.49913950933342,51.60804196086331,139546181448.8101,51.49771176299292,0.13733873936868696,0.3132152275659834,0.17587648819729645
1707609600,53.66727013159147,53.9402947880624,53.652923379717066,53.9402947880624,52.98654590418844,52.63697539409926,51.62868221197898,97419197375.84454,51.52201607170008,0.1601007181928026,0.3760023859382997,0.2159016677454971
1707696000,53.93553518748061,54.028809639658625,53.86053416234547,53.86053416234547,53.10774129289241,52.74140805049795,51.64922889488182,101145064043.60901,51.54528490842292,0.15891627025466282,0.4145470055638256,0.2556307353091628
1707782400,53.84607064910543,53.90042342202944,53.68249097821983,53.90042342202944,53.23228597523378,52.84930853102969,51.670218677568535,195631815512.01007,51.56871912248866,0.15005833049641393,0.4432036484296802,0.29314531793326626
1707868800,53.89688368496741,54.026087356873965,53.881986732648215,54.026087356873965,53.376681321656235,52.956758327446515,51.692161418469624,207324000677.92334,51.59317054770642,0.1419870686593243,0.47062915375742165,0.32864208509809734
1707955200,54.00189652433135,54.07666459246586,53.65179056991043,53.71702555238399,53.49271991010214,53.02706319914339,51.712075993202745,191513875974.96423,51.614303433325105,0.10676519184912542,0.4620985749095041,0.3553333830603787
1708041600,53.67910347803313,54.14886572961587,53.58968487800876,53.91138613023142,53.63360020690919,53.103667975217036,51.732558800953086,194056049028.9232,51.63715997757293,0.08825612543807693,0.46565353985797486,0.37739741441989794
1708128000,53.88956213911712,53.90544459668036,53.69628040424319,53.77290771093152,53.738960351290416,53.17243474578085,51.75101712188844,134420948322.54655,51.65841119880038,0.05975043986270928,0.45208546424828455,0.39233502438557527
1708214400,53.77562104970257,53.77562104970257,53.33804160200535,53.45930734936248,53.77506724339439,53.22004576391176,51.76819208329767,136936913777.47234,51.67633056348259,0.015161325625574429,0.4112866814175433,0.3961253557919689
1708300800,53.44717104412935,53.454984985189924,52.862130698278975,52.914381696204224,53.71732448208593,53.24653879623291,51.78116132805219,122398939880.1658,51.68864948022608,-0.05196833047972621,0.3311649426923111,0.3831332731720373
1708387200,52.906679020903326,53.2864132843421,52.906679020903326,53.04981171860498,53.655215988702764,53.26246757148099,51.79453207859458,150185527422.07516,51.702193383095526,-0.08616975792904957,0.2754210757607254,0.36159083368977496
1708473600,53.040264335032504,53.44955715607848,52.87550859760783,53.16114263456752,53.577300773353286,53.28192333877111,51.80901234924142,203490688471.6222,51.71671029107037,-0.09928106460484426,0.23748950293371962,0.3367705675385639
1708560000,53.14246027031027,53.21401106665954,52.68244906609571,52.90879669588613,53.482127026707346,53.29493415980013,51.82190590488265,168826463579.92197,51.72857184733719,-0.12146890142117195,0.18493444076209897,0.3064033421832709
1708646400,52.901936292150744,53.134252761317725,52.63780613737297,52.86722161092388,53.378806845596785,53.30554641041554,51.833941326419335,142607906101.4769,51.73990169573109,-0.13445485273622165,0.13833477626299384,0.2727896289992155
1708732800,52.859897070673036,53.034621427113684,52.5867993601789,52.731529235938915,53.24935103350329,53.31301617758,51.84439444192449,125036458333.10153,51.74976863642968,-0.14669239123031352,0.08942413996132359,0.2361165311916371
1708819200,52.73095167932321,52.83326358120735,52.285996386640264,52.34861000608475,53.112509478873356,53.302614694488,51.853818507271995,101254179498.41043,51.75572725702326,-0.17326242575626605,0.019538498996304554,0.1928009247525706
1708905600,52.26098187654122,52.93755334728806,52.26098187654122,52.93755334728806,53.015126200579026,53.32436320374435,51.86632565353048,116678897327.49474,51.767486720607984,-0.14500604706124348,0.011543365926016236,0.15654941298725972
1708992000,52.92497620434775,53.76572590088144,52.92497620434775,53.76572590088144,53.01440801957401,53.37668418543247,51.88288969115288,262091296319.73535,51.78736969752613,-0.06826923322146228,0.07121287146043187,0.13948210468189415
1709078400,53.756588659106605,55.135220455781834,53.756588659106605,55.135220455781834,53.181999330215945,53.478533286805416,51.90630536908625,247827690771.35883,51.82068164536947,0.06953301245037141,0.22639837024485843,0.15686535779448701
1709164800,55.10460208691257,55.10460208691257,54.30018100237114,54.66403937773936,53.35696509836946,53.53714479022794,51.9285265857185,455394052621.8672,51.848973762109466,0.1207599677940267,0.3078153175370204,0.1870553497429937
1709251200,54.64072395399494,54.64072395399494,54.23692589728512,54.261736132151626,53.47815753972412,53.566686764213706,51.94860938364293,276704989201.25653,51.87298134788103,0.11915819271668293,0.33600309063884737,0.21684489792216444
1709337600,54.244901974399994,54.244901974399994,53.38718615652095,53.55995048403901,53.518038324671274,53.54766954901254,51.96415073337901,232821371189.22302,51.889767110429865,0.06514450766233093,0.2982755325000781,0.23313102483774717
1709424000,53.54929452153798,54.32361271715048,53.44761609087065,53.807628718709786,53.60792152695363,53.545024276830745,51.98138976676206,184913125974.27386,51.90885031051225,0.04155562881390368,0.28507556085512675,0.24351993204122308
1709510400,53.81236502623696,54.92574850864062,53.81236502623696,54.92574850864062,53.813774216725314,53.59629053116131,52.006825783840355,257496335785.2079,51.93886919805582,0.09372782993950807,0.3606797194656082,0.2669518895261001
1709596800,54.916924619726494,55.08026972044472,53.85525934301035,54.13586226008796,53.95420751914022,53.601779276322006,52.03138641371753,435647859932.1049,51.96072982553873,0.06867254265370482,0.3527925678432311,0.2841200251895263
1709683200,54.12831821610187,54.38308019143475,53.49199133216786,53.56940017839096,54.076286536370844,53.59439800762236,52.05379791773819,589977782986.8591,51.97673649571636,0.010627891091528174,0.29740488905393647,0.2867769979624083
1709769600,53.558372694908364,53.922013995885585,53.16523565526449,53.27455155129772,54.10998635677181,53.56255627867567,52.07515772632323,315586596039.2029,51.98965007835896,-0.04774154531910063,0.22710006631353252,0.27484161163263315
1709856000,53.2624673144,53.566837063352466,53.2624673144,53.54951587623974,54.08836535430764,53.551386686941086,52.0971243950353,260983980008.3425,52.00517113107419,-0.06678178422220238,0.1913643813548802,0.2581461655770826
1709942400,53.52650555402544,53.64954075854311,52.97489913470158,53.34098599618026,53.90894190834748,53.54547061928198,52.11705088464301,320509231716.82227,52.018462821274255,-0.09087638471272746,0.14455068468617327,0.23542706939890073
1710028800,53.33220237495062,54.06206351692826,53.243391959377576,53.622497948121016,53.80478776538564,53.580876431877826,52.139103538317705,199228128445.82147,52.034423369800095,-0.08539543180049117,0.12868277964828678,0.21407821144877795
1710115200,53.61151764574602,53.91544910689294,53.591416640862136,53.68404350706159,53.74701850287664,53.61258802130065,52.16152638844041,311170797071.60724,52.050837500519116,-0.07550752345446671,0.11969380713069455,0.19520133058516126
1710201600,53.67642528223878,53.90827959382564,53.42501923975714,53.665665618581684,53.7575900163309,53.63781417050136,52.184034865615615,312188932387.55334,52.066905441992375,-0.0683041920930274,0.109821090468877,0.1781252825619044
1710288000,53.65532700559486,54.02220225265396,53.31770682526874,53.647189969877175,53.74154614144764,53.674733834200914,52.20637120929171,348795456267.92255,52.08262966615043,-0.06301167186838671,0.09936069272642101,0.16237236459480772
1710374400,53.63218588659516,53.688300959901056,53.30417213083163,53.41957407797735,53.59092869838132,53.7023514575536,52.22778908008074,282579792424.78613,52.09593259562135,-0.07239747908622476,0.07187551573702677,0.14427299482325154
1710460800,53.41791207759206,53.63459390180958,53.245408776294134,53.3711289268736,53.51445536505988,53.73433144210033,52.24872400222596,482042699539.0919,52.108621116330326,-0.07889209145344955,0.045657880506439597,0.12454997195988915
1710547200,53.362128299607335,53.605788922116595,53.054016261254056,53.34047136623864,53.49156248384465,53.78392451010802,52.2661381096273,302203843366.6508,52.120878332747324,-0.0819191270846166,0.022151063104118407,0.104070190188735
1710633600,53.340198793170934,53.83388666048331,53.29139463772796,53.47077556996985,53.51118488571187,53.81058562124211,52.2844838409992,326483427570.7933,52.13431014605302,-0.07215515655905087,0.013876244489921419,0.08603140104897229
1710720000,53.446190395611524,54.09198947920593,53.215207199895545,53.90807305213742,53.54704060330164,53.81770297880492,52.30811233067462,255336602540.85202,52.151959528203115,-0.03512982461173403,0.042119120284304756,0.07724894489603878
1710806400,53.85325221084577,54.11193440719071,53.7267824495875,53.82193126133369,53.59513512981698,53.75203851908251,52.331115106138625,399835473245.8129,52.16857616236362,-0.016283132122860214,0.05689502974246352,0.07317816186532373
1710892800,53.824817559090874,54.110927436574606,53.79385468649988,53.88173625110928,53.6210589601158,53.712923362751006,52.35436522237946,350807571444.2561,52.18562253140587,-0.00046733830058830195,0.07259398898958835,0.07306132729017666
1710979200,53.8789419217627,53.8789419217627,53.28657827996799,53.28657827996799,53.58131243740645,53.664165470141825,52.374157408868484,318273992016.82745,52.19657731497365,-0.02917748398509755,0.036589472308804716,0.06576695629390227
1711065600,53.28143092432512,53.365756457686054,53.107290161294785,53.23469058356673,53.53821493390495,53.647902475118215,52.39436094650054,238433546199.85184,52.206906800233284,-0.04955385152012147,0.0038246418937504245,0.053378493413871894
1711152000,53.23107952507781,53.33834171253551,53.21619266519648,53.21619266519648,53.49511520343689,53.61833067244255,52.41476158073094,208398455817.89822,52.21694944565581,-0.06139480462597219,-0.02336501236859334,0.03802979225737885
1711238400,53.21540708124019,53.53780309259226,53.21540708124019,53.53780309259226,53.50693810489837,53.548933401640134,52.43687103787779,145164120383.2221,52.23009226801339,-0.04542035174770489,-0.018745647427252266,0.026674704320452623
1711324800,53.53872029492285,53.77091333327216,53.51990279164561,53.77091333327216,53.546916545538224,53.53068595529934,52.45852560328768,175338629865.76956,52.245423820901536,-0.018393501483373702,0.0036828274662354943,0.022076328949609196
1711411200,53.76610353661092,53.98243392218702,53.595153479741654,53.760048609110434,53.58887426982542,53.54021837683531,52.481024271898185,250689324364.4088,52.26049471431655,-0.0013840045842699426,0.020346323219271767,0.02173032780354171
1711497600,53.758694876400966,54.0814944493205,53.758694876400966,53.974136402978864,53.639210353126316,53.57519761941937,52.50456221352736,213178013033.5541,52.27754587539777,0.02281424195656762,0.05024813024925123,0.027433888292683613
1711584000,53.97464534811426,54.11603325640127,53.85443702121879,53.998677001907794,53.64827074810334,53.597655675702775,52.52696802267091,259545762156.29767,52.294671558248616,0.03810128799775652,0.07506049828987926,0.03695921029212274
1711670400,53.997004353221115,53.997004353221115,53.55916976354904,53.709481559956664,53.637025777965654,53.6160804538916,52.54772695543124,186043932908.4806,52.3087492697084,0.026892852263456786,0.07057527562144372,0.04368242335798694
1711756800,53.70531884749076,53.99122866379605,53.41967733973143,53.76760698127163,53.62561285098188,53.623335905549126,52.56741794979579,153551643231.07767,52.32326526683838,0.02176903841593006,0.07089372137789951,0.04912468296196945
1711843200,53.767770154893604,53.84853715577277,53.471940934970064,53.60392014370969,53.657347037356054,53.619329737381534,52.585455771503085,119191065601.54166,52.33600810143412,0.0065223902672792294,0.05727767079606849,0.05075528052878926
1711929600,53.62484370320468,54.06270325910053,53.450640575275465,53.99913413883367,53.73379139288274,53.63600316339413,52.60513088242703,156504239027.76483,52.352556619219186,0.021383079781424584,0.07748413025557,0.05610105047414541
1712016000,53.999145741834255,54.010550438603,53.84915613663964,53.84915613663964,53.79708774002707,53.64610147173225,52.6250280030315,156504239027.76483,52.367448156705954,0.019493827401000155,0.08046833472539561,0.06097450732439545
1712102400,53.8494130794833,54.185351456631395,53.66468751853355,54.013392155910445,53.84464664635889,53.67579237562891,52.646107500473676,156505146172.6954,52.38382570893685,0.027213048085769936,0.09499081743160787,0.06777776934583793
1712188800,54.01458078324086,54.61787554726231,54.01458078324086,54.61787554726231,53.929342867757896,53.73812970664834,52.66927364728415,156259002648.17603,52.406055060561975,0.06858355398391056,0.15350721182572613,0.08492365784181558
1712275200,54.51509141717261,54.623917367555165,54.36700750360386,54.58104417784644,54.011442424631504,53.80015834722874,52.692348551365946,225791157928.3889,52.42769674332102,0.08779379764282351,0.19466590489534497,0.10687210725252146
1712361600,54.57026234408529,54.57026234408529,54.548688186413706,54.55955026601653,54.06998381093526,53.85459708203107,52.7141735997367,156924565209.08972,52.448909216183665,0.09288608641813254,0.22297971527518712,0.13009362885705458
1712448000,54.55565715183464,54.68453777267924,54.30657579822782,54.30657579822782,54.100773690567266,53.87452221933559,52.73430838862429,117822816224.92966,52.46739346078112,0.07387831391005714,0.22244152124462602,0.14856320733456888
1712534400,54.30555329137048,54.54109399557059,54.12266407906521,54.12266407906521,54.142091942478125,53.88955886022217,52.75395822197899,184506262827.63113,52.4838638151919,0.045000548381755906,0.20481389281176376,0.15981334443000786
1712620800,54.130004005198906,54.23389117884153,53.88894139174134,54.23389117884153,54.18872036223512,53.90716660660878,52.77460646066974,196715172841.78278,52.501277022790404,0.030182787203300143,0.19754182843413304,0.1673590412308329
1712707200,54.24077044703219,54.558410071390654,54.24077044703219,54.558410071390654,54.284169355003215,53.97075819617991,52.79689401587042,201454365993.59064,52.521746008348615,0.038497327138798,0.2154807001543304,0.1769833730155324
1712793600,54.50278138461479,54.71266970685759,54.25084758995548,54.52826770733713,54.337082711853554,54.03543705236844,52.81947799492612,196480357913.95117,52.5417113983883,0.03815348730406548,0.22467523214561425,0.18652174484154876
1712880000,54.526604406701765,56.355624275451746,54.51820767660859,55.589830726117704,54.51115017080135,54.15411895541449,52.847767060641374,162878753564.58942,52.57204094393785,0.10198389501675859,0.314001613612497,0.21201771859573842
1712966400,55.57454976841706,57.02891800177864,55.4564731403203,56.31086514777658,54.74089746998798,54.2927720581737,52.87999099844412,297908825247.1795,52.60924317482182,0.18072720092598077,0.4379267197532144,0.25719951882723363
1713052800,56.2913244598091,56.411140479884104,55.562121422921564,55.703224151546884,54.84943233041643,54.38938759908744,52.90867908168846,388140839316.7075,52.64002905518724,0.1794848933111623,0.4815556354661865,0.3020707421550242
1713139200,55.69843586383105,55.69843586383105,55.22622118617989,55.44522007968891,54.935849920600674,54.47364617261636,52.935584587634565,252116866637.93234,52.667941403689746,0.15007820585617532,0.4896684994752434,0.33959029361906806
1713225600,55.44141874222136,55.85160531343965,55.44141874222136,55.76653103512499,55.056547997511515,54.56326590422367,52.965350354229486,261525137358.69385,52.69877314131597,0.14118865096824035,0.5160761073293685,0.37488745636112814
1713312000,55.74270845717583,55.74270845717583,55.35093131680512,55.37346127249314,55.16323654493806,54.63200511775294,52.993104157064884,195100246825.05508,52.725386953566485,0.09971293644838508,0.4995286269216095,0.3998156904732244
1713398400,55.36869025931885,55.602241359548685,55.36869025931885,55.55446135575103,55.30641627260663,54.72425410754265,53.02029016355676,231663652800.12323,52.75353694761807,0.07639560434138931,0.49531019589996106,0.41891459155857175
1713484800,55.53743681716158,55.672066335719414,55.527251658815466,55.672066335719414,55.45023378829442,54.81947707526505,53.04700249796058,258304603372.15427,52.78257704103202,0.06146207919860858,0.49574219055683244,0.43428011135822386
1713571200,55.653875941121115,55.674399935125784,55.036921552589355,55.036921552589355,55.498084936414294,54.89112714570903,53.07082383111465,157883521467.24258,52.80500832970423,0.004387386072894628,0.43976434394934216,0.43537695787644753
1713657600,55.026132695103946,55.243102349719905,54.94705536280692,55.15563433689885,55.56082159937047,54.94895215561229,53.09319994419471,131267927598.40213,52.82839764320865,-0.02800919594440454,0.4003654629459419,0.4283746588903464
1713744000,55.18134186746326,55.30063363886717,55.13561143023643,55.30063363886717,55.53190189064541,55.02152603072367,53.11641117119797,143272555899.47437,52.85299700634953,-0.04149835088112319,0.37650172028894247,0.41800007117006566
1713830400,55.12533000561548,55.24311608044129,54.74912293940718,55.01630700677887,55.402446076545644,55.071671773267084,53.13751875983479,143074972504.9721,52.87452247899062,-0.06973356802182246,0.3308331111427876,0.40056667916461003
1713916800,55.02237291825822,55.02237291825822,54.65388188277678,54.86563068602547,55.3186867299935,55.08405953020525,53.157314707370325,154264727286.29507,52.89433450095117,-0.0970430069892172,0.27926292042808853,0.37630592741730573
1714003200,54.86988344157487,54.916440047315575,54.82009343425136,54.916440047315575,55.265808726756156,55.10082932367872,53.17724083527233,194370491759.1666,52.91445495414882,-0.10926105405207504,0.23972960985221192,0.34899066390428696
1714089600,54.91602863297058,55.03076316433862,54.833396443657826,54.99335266855282,55.18849089009895,55.12251944380553,53.19592377150906,159548616092.20828,52.93514050354588,-0.10946474171033616,0.2121597367663668,0.32162447847670295
1714176000,54.98663599434806,55.075278295916775,54.37553383323179,54.457488375310234,55.096893600380646,55.13006507265965,53.21239558591473,127770502294.99034,52.950288243563435,-0.14098388284169472,0.14539462492458455,0.28637850776627927
1714262400,54.45652216994545,54.45652216994545,54.19396686197556,54.38656803681805,54.98010426848735,55.14326027054729,53.2303750837583,110803055335.1355,52.964579584789846,-0.1604856902823993,0.08577139491328012,0.24625708519567943
1714348800,54.384030748571156,54.88037252909813,54.384030748571156,54.88037252909813,54.90093488782522,55.17558433806012,53.249993091051735,128569940345.29471,52.98364220115112,-0.1350277500582135,0.07747239762291258,0.21250014768112607
1714435200,54.8866772719553,54.97821779516848,54.86516292615755,54.86516292615755,54.883759025182044,55.19092198079845,53.26980240909617,169090106853.0901,53.002363800404915,-0.1149007931580909,0.06887415623351245,0.18377494939160335
1714521600,54.87144099947906,54.87144099947906,53.924593905940654,53.924593905940654,54.76065498208622,55.16073829072864,53.28530155163682,228745656923.57446,53.01154021936547,-0.15796267571870867,-0.013678395256782494,0.14428428046192618
1714608000,54.05005941337973,54.126928811757736,54.05005941337973,54.12518438785243,54.64311005698475,55.08750597381537,53.30075855550958,207018880310.4228,53.02262125586783,-0.16518656128213943,-0.0621989211407481,0.10298764014139132
1714694400,54.12304815633102,54.76552068622871,54.12304815633102,54.76552068622871,54.61803142492973,55.01023875073798,53.31553421299333,152970010956.75894,53.03996353875699,-0.12112915233965266,-0.0484238002831745,0.07270535205647816
1714780800,54.75688402079899,55.01134819985265,54.75688402079899,55.01134819985265,54.63260317631246,54.975644953153264,53.33034085341953,161807199080.9766,53.05957930652909,-0.07213973482116454,-0.017469316469977514,0.05467041835118702
1714867200,55.00751272802068,55.00751272802068,54.846968890675065,54.884599313555846,54.62941910293648,54.94761391484661,53.3444848868029,105524025286.56183,53.07773870958408,-0.046239670482117926,-0.003129169751460381,0.043110500730657544
1714953600,54.88407034411114,54.89447325178619,54.6690653129851,54.827481091734555,54.612831945254655,54.9006614176771,53.357455657901134,137472594334.7436,53.09514908154578,-0.031620233672067996,0.003585208640572546,0.03520544231264054
1715040000,54.828370266598505,55.00982807793565,54.77066088070932,54.96307630560751,54.663390738284384,54.880142169332814,53.369175320799066,150399373100.54633,53.11373542208371,-0.012467060529248897,0.01962161665107942,0.03208867718032832
1715126400,54.95897333287213,54.95897333287213,54.76038880398273,54.76038880398273,54.70077281500086,54.840438541744405,53.381049088553006,136678881840.38846,53.13012003284887,-0.013036267931564316,0.015793342265872923,0.02882961019743724
1715212800,54.76248130466511,54.86635896423042,54.72911105706903,54.86635896423042,54.699371458514086,54.80015317316995,53.394844561052686,139072555063.6348,53.14739604211635,-0.006209719389263846,0.02106746096085743,0.027277180350121277
1715299200,54.866006860558926,54.866006860558926,54.691589145943674,54.691589145943674,54.68201408049269,54.78288655283767,53.40106007543418,135557207363.9151,53.162761147627066,-0.013007529619104473,0.011017768326240684,0.024025297945345157
1715385600,54.69264598784307,54.80602249663307,54.64339620985073,54.69725631675273,54.75928032157391,54.75996765183036,53.404485989886716,135090157831.96738,53.17802975627508,-0.01644375763300047,0.0034706009040945673,0.01991435853709504
1715472000,54.695015401531464,54.948275719102,54.695015401531464,54.948275719102,54.84158945469886,54.7423497558421,53.40764035306504,75338188352.03195,53.1956441439649,-0.0018975934087975474,0.017542366776098106,0.019439960184895654
1715558400,54.94702121540802,55.40245876848542,54.94702121540802,55.40245876848542,54.90528326292453,54.761657343927425,53.4149098025586,130376617879.26326,53.21760249843774,0.03612680625401031,0.06459846800240854,0.02847166174839823
1715644800,55.401295698601984,55.45236432066838,55.262813340499015,55.45236432066838,54.9493848750061,54.79099402565957,53.4221580722134,148950843448.0477,53.239838934479835,0.06099122147351162,0.10471068859028776,0.04371946711677614
1715731200,55.463342317840436,56.03596999555853,55.463342317840436,56.03596999555853,55.06452194320637,54.84697052307172,53.43206947379716,165220662346.72818,53.267661134092556,0.11022426334229506,0.18149979629464497,0.07127553295234991
1715817600,56.02282364339123,56.126965280379515,55.905982195981885,56.02519309781939,55.184293143814855,54.89856254453504,53.44175877167784,211292145034.37744,53.295099263084865,0.13396688029622997,0.23873413332263738,0.10476725302640741
1715904000,56.02055628150322,56.09985249820827,55.745729906404925,55.89427266676796,55.2774127799309,54.97040175910793,53.45226804950053,172047009344.87393,53.32096168501206,0.13251534829389178,0.27041143839377213,0.13789609009988035
1715990400,55.8855824060728,55.9392769910118,55.62444781617253,55.762061654919236,55.37758006502454,55.03917644001299,53.46191422435721,140032492300.46155,53.345251236951434,0.11496431238832558,0.28160148058528733,0.16663716819696175
1716076800,55.759296733092235,55.99283957738943,55.759296733092235,55.95306177654169,55.486250346255666,55.09281090238517,53.471959455208555,101370574980.95609,53.371199600529444,0.10860702617449228,0.3023959509150771,0.19378892474058482
1716163200,55.92471484210626,56.0704110359929,55.08830613377135,55.20699970351678,55.53779140201298,55.10990274125313,53.47855971797182,129727125825.28131,53.38946626822086,0.04955036736086191,0.2557268839416622,0.2061765165808003
1716249600,55.206622068099364,55.206622068099364,54.44939954378724,54.44939954378724,55.513005724716436,55.136143023145465,53.483180152829064,255431185921.02942,53.400012867977736,-0.040290658648930694,0.15581319326963694,0.19610385191856763
1716336000,54.44854180312255,54.757072544558625,54.311720397210486,54.38372026826927,55.456550179633155,55.1490698171663,53.48789899961149,238077403825.99512,53.40980100131397,-0.10046850964823978,0.07051821485826792,0.1709867245065077
1716422400,54.37746531124898,54.63018424466147,53.87884206955589,54.034564270428554,55.31976072982748,55.11252199637629,53.4934545220353,218329057157.7889,53.416017551255415,-0.1567612689427466,-0.024964861671925576,0.13179640727082104
1716508800,54.03552919543514,54.435339664647884,54.03552919543514,54.435339664647884,55.21805826422542,55.083721569616046,53.50356199347552,302593930661.2653,53.42616005984638,-0.1594518084555673,-0.06751835329863809,0.09193345515692922
1716595200,54.4386293644332,54.560729115020045,54.374935535411275,54.490816143076785,55.06354287897725,55.0640324110921,53.51118651805704,150272201606.12604,53.436753652714344,-0.15007721972887336,-0.09566306950416248,0.054414150224710876
1716681600,54.491802648286495,54.491802648286495,54.10167644564879,54.18741671321595,54.8797652405169,55.03202919216617,53.517845774779886,105740807811.6977,53.44422293689844,-0.15619243952009648,-0.14082639917540973,0.015366040344686749
1716768000,54.187484090851804,54.187484090851804,54.04967746585652,54.04967746585652,54.695305720425765,54.98635925017862,53.52600385147324,143709893499.3813,53.450247360072154,-0.16076776127751402,-0.18559366125220578,-0.024825899974691756
1716854400,54.046780487144794,54.046780487144794,53.84685523049738,53.91857808582326,54.51095736351616,54.94426871427065,53.53283753013648,203670356991.29764,53.45490736729356,-0.1633478957844959,-0.22901076970531165,-0.06566287392081574
1716940800,53.889632845032196,53.96023468131651,53.70796415327542,53.96023468131651,54.31167465399365,54.89896250012496,53.54035263881044,188832460879.8104,53.4599354997714,-0.15314504499676687,-0.2570941801667743,-0.10394913517000745
1717027200,54.11401908236068,54.5244329777411,54.11401908236068,54.5244329777411,54.24341798141609,54.89060469171483,53.55128309433719,175579030394.97256,53.47052751447757,-0.10176847783523987,-0.2311597324640573,-0.12939125462881743
1717113600,54.52120163094671,54.52120163094671,54.22897065709616,54.23513434056686,54.22199146109405,54.86749859290554,53.561033425483664,161668148687.30502,53.47813554259786,-0.08151449689559925,-0.2312843757483165,-0.14976987885271725
1717200000,54.22921005211493,54.29839928518352,53.94933033506357,54.10437643207915,54.19405707747503,54.8253036285544,53.57137977042593,135583664052.50735,53.48436679522952,-0.07152581025228427,-0.23917714166807258,-0.1676513314157883
1717286400,54.10249303967854,54.38534181072857,54.09479732836211,54.27037939140913,54.2176385895731,54.76869965970059,53.57998337083637,99060884222.98833,53.492187816087025,-0.04939322757509362,-0.22939286588465535,-0.17999963830956173
1717372800,54.269296225839426,54.55388842412565,54.269296225839426,54.54026824671594,54.22813144777989,54.72309485600296,53.5910670902121,160154066667.12347,53.50261647708831,-0.014066980344817959,-0.19758336374058416,-0.1835163833957662
1717459200,54.5377590218009,54.67125831382407,54.5377590218009,54.572037057226176,54.236253539194834,54.64989820908634,53.601234590276526,161506076280.16705,53.5132574778857,0.012512736496498478,-0.1678754627751431,-0.18038819927164157
1717545600,54.568576309227936,54.69312634392026,54.40638683081329,54.4722384831104,54.26473571618428,54.572250478350895,53.610831590047425,208760345526.4972,53.522799577440175,0.023792102681768734,-0.15064807091943067,-0.1744401736011994
1717632000,54.460588668621725,54.70939799255722,54.41860846541744,54.58637853807026,54.31840582340565,54.506855771916,53.62077920582166,160268701100.77365,53.533382452670324,0.038489058972477286,-0.12632884988560278,-0.16481790885808006
1717718400,54.57654018157279,55.68074158040389,54.57654018157279,55.033117877118386,54.429859802535155,54.47040858302596,53.631793857483814,175542859039.9098,53.548305193212094,0.07569564074422916,-0.07019835792779361,-0.14589399867202277
1717804800,55.034699582320755,55.39293228073474,54.859529030276946,55.263746159732186,54.56021095037672,54.435942802185494,53.643530321026745,195723469912.77463,53.565374257555575,0.11109616076244062,-0.007023797718971991,-0.11811995848141262
1717891200,55.26284589365267,55.393301151202465,55.101576195537824,55.197984024003176,54.62756605500293,54.435492018209814,53.65605361800495,97213694829.13579,53.58161913085356,0.12434076780741996,0.03730600127786232,-0.08703476652955763
1717977600,55.19398582941235,55.682550927817445,55.19398582941235,55.57483498653571,54.761536119599825,54.491763790347235,53.67086629607027,112578791723.43988,53.60145212444244,0.15096730978993553,0.10167437070786178,-0.049292939082073745
1718064000,55.58165736626167,55.773845546995716,55.50828195634166,55.76296360368759,54.92739483676066,54.560725957118144,53.686254399845666,183070466595.67792,53.622959701350354,0.17219767778219788,0.1659541581456736,-0.006243519636524274
1718150400,55.73418905848585,55.937923241347335,55.457022775806855,55.457022775806855,55.04605917520045,54.631848882387054,53.70092327948856,176461969689.20056,53.64120908517579,0.15701006640161153,0.19001906336549013,0.03300899696387861
1718236800,55.45054882489088,55.72059802734493,55.437003029425604,55.66033778242993,55.158066128771836,54.69309878827615,53.716562082423195,193486662227.08884,53.66129991798429,0.15193419071087577,0.22292673535247332,0.07099254464159754
1718323200,55.662228415745254,55.839677622658826,55.437242359905206,55.53599984212635,55.25446240726186,54.745357973228636,53.73014525272139,143720683108.50394,53.67995364857276,0.13220590647528105,0.23624992773569886,0.10404402126041781
1718409600,55.535997649671195,55.58653617600281,55.09340054548335,55.230826365683996,55.33032119551922,54.79752845585203,53.741052234863936,147122838335.11093,53.695385217897254,0.09248614023220766,0.2196516965506774,0.12716555631846974
1718496000,55.22958852554315,55.409729128919025,55.02180985409202,55.08400197716738,55.38008353942894,54.849244681417574,53.75009000711891,85523062531.0158,53.70920230007905,0.05221295038394691,0.19243174429840337,0.14021879391445646
1718582400,55.08386994721769,55.85125098622788,55.08386994721769,55.85125098622788,55.46189685033988,54.94587832643781,53.76418783092925,125465684349.75543,53.730516217354165,0.07191909741741281,0.2301176656862225,0.15819856826880968
1718668800,55.6710955746571,56.29213288648087,55.63175120198288,55.760749332244295,55.51159716759109,55.035904058984194,53.77643338324801,210175420047.44382,53.750717541880434,0.0732825404008613,0.2498017437698863,0.176519203369025
1718755200,55.74737784128019,55.75078097451036,55.224936479104294,55.31264235343537,55.52306300053431,55.07531452776891,53.78714635146367,186191635019.51282,53.766259082293914,0.040089095776591366,0.2266305730897642,0.18654147731317283
1718841600,55.30043392938669,55.572725592267005,55.27119021636431,55.45541786494987,55.511121288375726,55.136328703988056,53.797542173527745,129704771001.54878,53.783066632370094,0.02459348765948252,0.217283336887526,0.19268984922804347
1718928000,55.441540408162126,55.441540408162126,55.178659707063126,55.178659707063126,55.452690898713286,55.19004286773726,53.80258838360701,152692332746.93094,53.796953130625745,-0.005826866223399507,0.1854062664487941,0.1912331326721936
1719014400,55.17020549237343,55.41639048770675,55.15195724366411,55.297793106127344,55.43676793174534,55.24141355347317,53.803877487453484,112283555395.66501,53.81188686172526,-0.018728921497579126,0.1678219808002197,0.18655090229779883
1719100800,55.297169702219385,55.461506784313144,55.14240323926093,55.34694983822648,55.405429137324994,55.28174763304869,53.80502040513389,59752758681.973015,53.827161120197914,-0.02439755993944684,0.1560539523734903,0.18045151231293713
1719187200,55.35249779540796,55.35249779540796,54.342908357306726,54.342908357306726,55.286119988843026,55.27029119805271,53.806454416455544,153655507409.26697,53.83229293350248,-0.09239231596887018,0.0649611173518494,0.15735343332071958
1719273600,54.51806286997448,54.71658725778299,54.51806286997448,54.71658725778299,55.234696078052934,55.282508636786346,53.81033543436757,192494185456.67035,53.841091882002786,-0.10775400066574806,0.022660932488534513,0.13041493315428257
1719360000,54.717462383970386,54.75922915947756,54.527173772337974,54.527173772337974,55.17901325756999,55.27954839849973,53.81408630733355,137111516260.26105,53.84791856747876,-0.12501065844673304,-0.02584838990413374,0.0991622685425993
1719446400,54.52260279643302,54.61589161549133,54.27566027720643,54.27566027720643,55.021454186667846,55.24167551850413,53.818122494181225,124730733132.8263,53.85217470389396,-0.14622857909254763,-0.08362345532308524,0.0626051237694624
1719532800,54.28446465986059,54.32634001388769,54.22360208289165,54.32634001388769,54.87801325483218,55.19480521121191,53.824341633499934,131176232756.42094,53.85689276667996,-0.14919851351186014,-0.1238930181203628,0.025305495391497353
1719619200,54.333031303111746,54.578962476243774,54.333031303111746,54.578962476243774,54.80464526711303,55.16385413382393,53.83164059012008,115538017339.64284,53.86407753990945,-0.12734770824720648,-0.13387913991751077,-0.006531431670304275
1719705600,54.57815934675595,54.81034558630926,54.57815934675595,54.81034558630926,54.74013803924896,55.12562966381262,53.83885340393977,78084822600.65335,53.87349314236119,-0.09215039418228874,-0.12171942439816519,-0.02956903021587646
1719792000,54.80801434891154,54.895584425564316,54.72610818212886,54.885546813222575,54.71082674986492,55.081758824289366,53.84815678080293,96417087819.58115,53.88356332814091,-0.06018998185527235,-0.1048065075349669,-0.04461652567969455
1719878400,54.8331114486825,54.8331114486825,54.426753066669384,54.426753066669384,54.62372274591911,55.03024533883249,53.85417840261428,116909580217.78157,53.88896820116109,-0.0658749410077962,-0.1269602019394398,-0.0610852609316436
1719964800,54.428578091354474,54.64082078871913,54.39724926110948,54.64082078871913,54.553109840968375,54.97926948914695,53.86198867535637,145648948990.09998,53.8964493214353,-0.051766685424079445,-0.1257936177117429,-0.07402693228766347
1720051200,54.63087842000339,55.00698641626269,54.60318307102274,55.00698641626269,54.61951764686397,54.95281881785377,53.87182717228965,199987315025.8579,53.90749944178184,-0.01616748462488607,-0.09423628806877105,-0.07806880344388498
1720137600,55.0001935874911,55.45511089187518,54.823855727979755,55.145246077513576,54.662383528837026,54.94853980344525,53.87998860201139,294266040198.2062,53.919815328704544,0.016528077984686168,-0.05740870596302727,-0.07393678394771344
1720224000,55.131698231308654,55.131698231308654,54.808084110343934,54.85330339434237,54.694996491037465,54.937004874304,53.8863081505747,155289125464.59955,53.929103767168606,0.01819756158806582,-0.05118983196263116,-0.06938739355069698
1720310400,54.84779914380411,55.10546359443992,54.84779914380411,55.07063095433955,54.774493558750784,54.89797387270958,53.89197148487242,118018281912.73688,53.940462246642944,0.032791944103228034,-0.02839746342166194,-0.06118940752488997
1720396800,55.06683051643697,55.15560478568023,54.731933168895274,54.731933168895274,54.81505287425155,54.84653306454212,53.89986169627071,185329269749.1255,53.94833757920267,0.01916336316865353,-0.03723520356407306,-0.05639856673272659
1720483200,54.72880461056321,54.944080723365,54.72880461056321,54.944080723365,54.85156469896366,54.828104983038614,53.9108613063977,215508982254.3708,53.958245471184384,0.02366959378334342,-0.02681157450354732,-0.05048116828689074
1720569600,54.93882060668955,54.94019251075885,54.60927708784451,54.60927708784451,54.83145784911719,54.785797944183344,53.92169503594242,146487520347.5199,53.964723397718316,0.004347053932853208,-0.04504735087082423,-0.04939440480367744
1720656000,54.606732613444045,54.742931721206226,54.55938202302795,54.55938202302795,54.798841370097726,54.754834059981576,53.93336981694667,140909890606.40677,53.97064039896518,-0.01072568656854906,-0.06280151301436376,-0.0520758264458147
1720742400,54.54876999911301,54.57249571392081,54.420497568277504,54.420497568277504,54.79821582025854,54.710969283089085,53.94514406319211,143300737988.2959,53.975116589704605,-0.027999246167496897,-0.08707488415518583,-0.05907563798768893
1720828800,54.430479162122516,54.62051655581068,54.430479162122516,54.62051655581068,54.79618539696769,54.67464761896829,53.95956855041303,111821578717.5004,53.98153847991462,-0.024054886110463122,-0.08914424562576784,-0.06508935951530471
1720915200,54.61617253329921,54.83955006439876,54.61617253329921,54.80472354446134,54.77595910978755,54.697738378326015,53.97621295587532,115195472389.75073,53.98972937607926,-0.007972573822138687,-0.07505507679297807,-0.06708250297083938
1721001600,54.804563640460856,54.94703402713099,54.804563640460856,54.94703402713099,54.75613790474929,54.70926071679342,53.99424622076691,144872752903.34164,53.99925479549271,0.012218944363233758,-0.05180882251679719,-0.06402776688003095
1721088000,54.940001514438066,55.15303646851881,54.85713924049962,55.15303646851881,54.786111212166944,54.74055385160246,54.013600050631155,214204914118.42053,54.01073521014969,0.037964383011672063,-0.01657228811544087,-0.05453667112711293
1721174400,55.14513033826069,55.16704107762016,54.97716446564323,55.062483016715206,54.785296418404506,54.77989498857791,54.03198919665718,200498828883.57315,54.021200362453826,0.04682926016964421,0.0039999040849423295,-0.04282935608470188
1721260800,55.05255154621531,55.132678908311675,54.8399920466792,54.985322498965694,54.81063535141154,54.812844112831804,54.04894222930864,157224732529.01605,54.030793617543495,0.04539698931355888,0.013916880557246714,-0.031480108756312165
1721347200,55.01324402239957,55.41122966478847,55.01324402239957,55.38323551679597,54.85455083075465,54.85305776485941,54.066254780438115,154831536471.2158,54.04425075086939,0.06780036183695269,0.053270343539878695,-0.014530018297073993
1721433600,55.34291241616989,55.42725410384818,55.30581111950043,55.356746268532284,54.92929774882343,54.880377798970564,54.080463903202215,166716191935.63736,54.057310407761555,0.07673014016969065,0.08138265691503932,0.004652516745348671
1721520000,55.35117380615988,55.51952520375772,55.33438372519751,55.391069018659465,55.012466448386576,54.90565390924242,54.09417904862267,104402516322.32336,54.070581637720736,0.08045281311368355,0.10521853313745311,0.02476572002376956
1721606400,55.41145143701014,55.814848340487785,55.32170316130707,55.814848340487785,55.151901525607606,54.975058672933336,54.109420760876446,175873118408.43317,54.08793752531046,0.10538746494065332,0.1565000511995862,0.05111258625893289
1721692800,55.79783669276609,55.79783669276609,55.339399827920424,55.339399827920424,55.223789852818584,55.009987624893405,54.120360140285335,204513134488.16486,54.10038988653046,0.08468343955457688,0.156966885702154,0.07228344614757712
1721779200,55.336313000511005,55.82691877341062,55.336313000511005,55.62923937534141,55.306241435906585,55.041100272847345,54.13083378037241,171003783164.08276,54.11560231925495,0.08510520012955787,0.17866494630952445,0.09355974617996658
1721865600,55.63593284212146,56.505386273413706,55.63593284212146,56.505386273413706,55.46207666053486,55.109107282642356,54.143587823179196,195351683154.0851,54.13938126407245,0.13596887811575306,0.2635208438246579,0.12755196570890484
1721952000,56.50407699965771,56.54313986050551,56.50407699965771,56.542564177996134,55.601029431482594,55.19357032182504,54.15372345112766,179380627565.77344,54.16329353187268,0.16193127290780357,0.3299660568436593,0.16803478393585575
1722038400,56.53405255273416,56.631024688919304,56.53405255273416,56.631024688919304,55.757883598703,55.27159000855403,54.16568050512881,125709364921.99423,54.18784807074877,0.17382869618083102,0.38532065416189454,0.21149195798106352
1722124800,56.63019304668649,56.75721878249848,56.55092915084704,56.75721878249848,55.935073227056286,55.37285428923418,54.18489549100322,171385311882.14398,54.21341394847762,0.17829866353402823,0.4343652873985988,0.2560666238645706
1722211200,56.75993074732656,56.75993074732656,56.17479605884797,56.17479605884797,56.014229281261485,55.43439005600834,54.2032944142777,129343181836.5841,54.23293018838181,0.1322502737976768,0.42137946611166655,0.28912919231398976
1722297600,56.179446793623185,56.20223506755475,55.86123332070391,56.13175562237426,56.09173021664568,55.510513982734835,54.22674515325555,183111782200.98148,54.251823973794664,0.09107258156892883,0.4029699192751508,0.31189733770622197
1722384000,56.131261110459775,56.131261110459775,55.9048887960774,55.96283775955251,56.14890709073499,55.58068676956107,54.251392811266435,142384612471.1125,54.268848986588274,0.04686557473400388,0.3704793061237268,0.32361373138972294
1722470400,55.958199672872034,56.462528731996265,55.958199672872034,56.462528731996265,56.213675129885836,55.682788327747005,54.27845990027416,183510087375.74075,54.290676645746565,0.0456394942881424,0.38066309924990094,0.33502360496175854
1722556800,56.46940833402827,56.54582257602341,56.42276878420237,56.44483933171727,56.32421908026553,55.77400446654234,54.30503304726537,202600371999.4714,54.31211110033334,0.03829527065532545,0.38289269328091535,0.3445974226255899
1722643200,56.442174040635706,56.86147735427166,56.442174040635706,56.804069100389384,56.441702052770324,55.87397174433873,54.33363920100522,213040848427.58905,54.336906702323944,0.051468127882037584,0.4089325824781369,0.3574644545960993
1722729600,56.79774918174486,57.18137028730629,56.685895248453896,57.014429669878766,56.492606392416825,55.97734152647613,54.362848771267416,144843902769.14624,54.3635487219016,0.0671923601860317,0.4414549048286389,0.3742625446426072
1722816000,57.069493221163,57.31646547753817,56.97915566852734,57.0154754047944,56.539897515096655,56.070463473289905,54.392867759303755,483769773360.11743,54.38993605207964,0.07018032599432128,0.4619879521355088,0.3918076261411875
1722902400,56.93408199944009,57.03424842107393,56.81899382565734,57.03424842107393,56.580219888312115,56.169051743507836,54.42235209206015,338828665172.3836,54.41624761794028,0.06600017112405632,0.4743078400462579,0.4083076689222016
1722988800,57.01480102952975,57.332578214233976,56.7533649271238,57.10949770204186,56.61544778026646,56.27526050366165,54.4522204148332,226313512448.31744,54.4430461262398,0.0610000632408374,0.48455774797324835,0.42355768473241096
1723075200,57.09284313700981,57.67716215653888,57.09284313700981,57.53335527953604,56.75130370233526,56.38276649179867,54.48367450706116,217578372810.6458,54.47379547104872,0.07785647420034036,0.5208782774828364,0.4430218032824961
1723161600,57.52258941194991,57.70745611445888,57.338041686263416,57.70745611445888,56.90887375154373,56.500301984094996,54.51629390216973,211184986631.6115,54.505971198843845,0.09141214433587547,0.5572869837023404,0.46587483936646495
1723248000,57.70000852991467,57.70000852991467,57.51964999773688,57.615787071022915,57.07416868269077,56.61153788671318,54.54551343235299,133858729794.9529,54.53691464035806,0.08501920392305257,0.5721488442702807,0.4871296403472281
1723334400,57.615670998773304,57.615670998773304,57.32799206249034,57.54852404144428,57.18276821363556,56.698221671761,54.57454398350323,93074927483.01779,54.56688090305544,0.06782174821171827,0.571906825611876,0.5040850774001577
1723420800,57.54050811354998,57.54050811354998,56.82000371844631,56.82000371844631,57.220284652308465,56.772251866287284,54.599258544952775,159578955511.06082,54.58930003554689,0.0023992755438410063,0.507084171829959,0.504684896286118
1723507200,56.803955434036034,57.39535503259064,56.803955434036034,57.277610004863554,57.26763874275589,56.85467039776339,54.62409195438486,172695947621.6528,54.61604938847542,-0.014129788585242165,0.48702266055456533,0.5011524491398075
1723593600,57.269848919943065,57.269848919943065,56.759460612242854,56.759460612242854,57.2421418369923,56.86737411470485,54.64599280440228,152878352943.70242,54.63737686333877,-0.06138517385697789,0.4244209818185851,0.485806155675563
1723680000,56.74420060675507,56.9587879377585,56.61435874300297,56.81180989532759,57.22177528604561,56.88083640057143,54.66806399238064,158456634292.39053,54.6590130129108,-0.08887421464865619,0.3747133873647428,0.463587602013399
1723766400,56.799092311972245,57.312086158766995,56.799092311972245,57.312086158766995,57.24955905981492,56.91488947406382,54.692088988240755,168817047770.49863,54.68541175068051,-0.0737448569564445,0.37140653081784336,0.44515138777428787
1723852800,57.30307321292335,57.38296453701918,57.217323356935815,57.27055565961745,57.26566485557248,56.94055631791978,54.71651916128994,117707931908.41748,54.711134575645055,-0.06710498106340274,0.36127016144503443,0.42837514250843717
1723939200,57.26909220241322,57.26909220241322,56.91373289139223,56.91373289139223,57.20370261675811,56.977503159547,54.73743164467867,88161974557.11832,54.73305097679677,-0.0861024913660694,0.32074702830085045,0.40684951966691985
1724025600,56.90844251177669,56.96607630567825,56.85341605033917,56.92964070420137,57.12592107573236,57.01739741363834,54.75821971175586,113191440565.75847,54.7549075909998,-0.09619009786595667,0.286611897334474,0.3828019952004307
1724112000,56.90771585512052,57.077520499675046,56.846760241249115,56.846760241249115,57.04901839275497,57.06159353772317,54.77921061158557,141631336785.18643,54.775722045231134,-0.10624954055545538,0.24999006950611147,0.35623961006156685
1724198400,56.84009757528558,57.29858714114944,56.84009757528558,57.29858714114944,57.02402470272549,57.103396458180825,54.80242866429823,137541131238.2201,54.800825180513904,-0.08139805918763926,0.25449203607701776,0.335890095264657
1724284800,57.28695882064672,57.28695882064672,56.84775226459712,56.84775226459712,57.02679955734057,57.12354210482482,54.82375675615797,170291376747.41702,54.82119261418637,-0.09338808582481695,0.21915498798363586,0.3125430738084528
1724371200,56.85074071233721,57.365626832570136,56.85074071233721,57.26392678500416,57.02543123535462,57.14653498905555,54.84729319174337,125969516028.42224,54.84549842683133,-0.07229775437203073,0.2221708808434144,0.29446863521544514
1724457600,57.24790873184522,57.42665715129781,56.84427164099408,57.20143440516463,57.06962861464681,57.15588522581985,54.870787447958385,203184233898.90588,54.868940575869466,-0.06196150748039053,0.21701675086495698,0.2789782583453475
1724544000,57.1972521278337,57.623706730122706,57.1972521278337,57.48370641154767,57.13681826626881,57.179296776157514,54.894609448680534,121760539964.80124,54.894958146373725,-0.036764275087017684,0.23302291448657542,0.2697871895735931
1724630400,57.47206098751397,57.71060482978743,57.39165231926321,57.58587419224729,57.16419706961684,57.20687806471617,54.91704762750014,119401421780.14616,54.92173343041227,-0.014983383152038121,0.25105796063354546,0.2660413437855836
1724716800,57.58670436530041,57.58670436530041,57.37683939949938,57.49084753735551,57.18622625739065,57.22594555648185,54.93704281864048,151209035393.74872,54.947296754859465,-0.009035915613568368,0.2547464492686231,0.2637823648821915
1724803200,57.491426620483296,57.491426620483296,57.15861066785634,57.15861066785634,57.21071403503705,57.20720832589787,54.954481388717575,217657917472.87396,54.96929987837187,-0.028441914868979568,0.228229971295967,0.25667188616494657
1724889600,57.15761663961428,57.45197187956125,57.15761663961428,57.3733119328032,57.25508115789724,57.190501116815085,54.971646474441286,174194695284.0351,54.993220396326414,-0.02775254251433376,0.22198120802202936,0.24973375053636312
1724976000,57.37203125467264,57.48313258146436,57.3003626137836,57.3003626137836,57.300441395150685,57.17472989395312,54.98884561669847,155739250342.3137,55.016177035306086,-0.032797853190884296,0.20873643404775777,0.24153428723864206
1725062400,57.29636171260854,57.476266909083805,57.28523576038411,57.404740514648836,57.31105673250063,57.16754071761335,55.00636720216157,128379051787.38646,55.03994383609557,-0.029781706723394086,0.20430715383439946,0.23408886055779354
1725148800,57.40109462770263,57.63048901810011,57.38316826061052,57.486316005916294,57.37491310663254,57.20085633198685,55.023668345406776,84568758497.91711,55.064285847735576,-0.023258224452271575,0.20501607999245408,0.22827430444472566
1725235200,57.48151609586242,57.55251013756126,57.41569671659721,57.46089414599487,57.3946098427316,57.21002053904341,55.04238768837483,143528562575.25073,55.088132696474474,-0.021653694557387415,0.2012071862479914,0.2228608808053788
1725321600,57.46593396687667,57.64747231657722,57.46593396687667,57.59562765395367,57.43402916761052,57.25182889112896,55.06080889599344,113175395752.52509,55.11308289505636,-0.012946286248462335,0.20667802299480087,0.2196243092432632
1725408000,57.596425489067435,57.697556592143705,57.437030024266456,57.580312373995845,57.44368976385533,57.290254015062374,55.07984591930877,164065968684.8535,55.13763244211048,-0.00978964398549756,0.20738725426139126,0.21717689824688882
1725494400,57.63299351330038,57.63299351330038,57.38223324184122,57.38366927897789,57.42346927252839,57.29383317107291,55.09946772895683,149253493845.16333,55.159981067352945,-0.02182719571087416,0.18989290360829614,0.2117200993191703
1725580800,57.3336548766736,57.3336548766736,57.2124442751408,57.2124442751408,57.39562894630693,57.29092760184908,55.120958041851516,160959507299.27496,55.18040358683342,-0.04108527372305626,0.16036350716534997,0.20144878088840623
1725667200,57.20850053238167,57.20850053238167,56.926092290176236,56.92941336119809,57.3727092156411,57.291711625339374,55.140356050064476,207986245503.37463,55.19780666916541,-0.07090104778953954,0.1128224711514818,0.18372351894102135
1725753600,56.92875998786266,56.92875998786266,56.86632228440352,56.91944818472206,57.327322840832984,57.29120199936541,55.15914757781525,86287229510.85632,55.21493743051423,-0.08818317379800575,0.07349455169351415,0.1616777254915199
1725840000,56.915217436953355,57.41155788236725,56.915217436953355,57.22584829537497,57.31987140899213,57.31015640207171,55.180732835812684,121372202431.43103,55.23494649384618,-0.07631281358982106,0.06628670850424356,0.14259952209406462
1725926400,57.226314333843874,57.26884032499674,57.226314333843874,57.26884032499674,57.30628139002691,57.30866906126407,55.20274092938306,164096824526.44766,55.255184243409865,-0.06342865971893591,0.06331369744539472,0.12674235716433063
1726012800,57.266743967561695,57.38225721224117,57.244474337118454,57.38225721224117,57.2958755106594,57.33539430864628,55.22599456926458,152004421125.3246,55.276349148572365,-0.045945571622722836,0.06931039263592709,0.11525596425864992
1726099200,57.3626630456083,57.50525359384234,57.26580325906673,57.34383447109369,57.28416954316928,57.339389692950746,55.25097069158962,161482404205.72278,55.296921141831284,-0.03608178412501868,0.07015373410237657,0.10623551822739526
1726185600,57.34173343591681,57.78832466699679,57.34173343591681,57.78832466699679,57.3034392444736,57.36873420604236,55.27522454818817,136841124621.94545,55.3217112266588,-0.0006100895173362653,0.10547290633072492,0.10608299584806119
1726272000,57.77112612469909,57.787041006149664,57.67315518889091,57.71239488836992,57.316647495911,57.38016862988347,55.29495789312561,148245975089.446,55.345499123790255,0.01584206385262052,0.12588557566383685,0.11004351181121633
1726358400,57.705232276742514,58.018259629136196,57.670538126368584,58.00771074018195,57.3790516420314,57.4012604572802,55.30932034454761,74005537453.46022,55.371988791615045,0.04316660974804758,0.1640017739962758,0.12083516424822822
1726444800,58.006353790972135,58.006353790972135,57.86206226825185,57.883170577428764,57.44612427226021,57.420876609283866,55.32541600054605,144367023275.91818,55.39697567505598,0.04898074737301861,0.18206109846450147,0.13308035109148286
1726531200,57.8870489143847,58.405070832000725,57.8870489143847,58.405070832000725,57.593690019340464,57.483199617491096,55.34613267404529,141000338744.43793,55.42690697014996,0.08215047131817227,0.23576844023919818,0.15361796892102592
1726617600,58.40133085799645,58.58637743944537,58.40133085799645,58.58637743944537,57.760382944812804,57.5438528928232,55.371264808822325,179671337863.75452,55.45834448725738,0.10880420665120014,0.2896232272350261,0.18081902058382596
1726704000,58.58581088900397,58.60895837803487,58.414543992994595,58.414543992994595,57.87925251457477,57.59956196178375,55.394299385193754,232727259608.33936,55.487759407712474,0.1071920536726167,0.3148090876745968,0.20761703400198012
1726790400,58.40678340561599,58.440801709324795,58.03051365894335,58.03051365894335,57.955419847969424,57.63085061899848,55.40982321094527,200282063534.29504,55.51306044503816,0.07416167921558431,0.3003191330214605,0.2261574538058762
1726876800,58.014050982476526,58.12070392359385,57.580218512241174,57.61792226101681,57.97898635284698,57.637430931753514,55.42723351094991,127952588981.29253,55.53400434370461,0.02117874917613488,0.2526308902760448,0.2314521410999099
1726963200,57.6170758774904,58.02024992280004,57.6170758774904,57.99886846628939,58.04448975236655,57.66432964776823,55.449380852389396,96824288868.62947,55.558530354874605,0.009060841919913937,0.24277819349980234,0.2337173515798884
1727049600,57.99636224656282,57.99636224656282,57.48075499514302,57.48075499514302,58.01373278518118,57.6585860148277,55.47041186960863,161020155823.75226,55.57765696821061,-0.03420495969384457,0.19096115196258268,0.22516611165642725
1727136000,57.47586767357766,57.61437652748247,57.47586767357766,57.526327751373685,57.99512607148155,57.65588678369659,55.490295928984295,150625956990.51788,55.59704672724706,-0.05867449506248429,0.1518229928283219,0.2104974878908062
1727222400,57.533989938084105,57.650548835483626,57.46268946984907,57.545303087277134,57.94888530619107,57.66396847411155,55.51131751443979,160772659993.43784,55.616432362670245,-0.07164381560085151,0.1209427183897418,0.1925865339905933
1727308800,57.54415146190467,57.6750636953556,57.54415146190467,57.6750636953556,57.92807461798376,57.68709944512229,55.53158034317595,156026301318.44507,55.63691625652781,-0.06949180306294866,0.10572178016190747,0.17521358322485614
1727395200,57.66513381969,57.686125067155395,57.31951098316203,57.434888287278774,57.83105636351157,57.71237319142633,55.55033456707704,200557032088.03827,55.65480652549051,-0.08142491039213545,0.07343244523468684,0.1548573556268223
1727481600,57.43136583550166,57.769272789304246,57.308427507760406,57.5949616462077,57.7319147841878,57.746148864500604,55.56998104721517,146293605017.3241,55.67411155156729,-0.07583221967761794,0.06006708102979985,0.1358993007074178
1727568000,57.592571736992056,57.81307815096572,57.34047911027065,57.52941446740487,57.64340183162883,57.76132717310211,55.58939216970281,93560720290.03664,55.692572277098016,-0.07377361502857087,0.0436822819217042,0.11745589695027507
1727654400,57.52476665796906,57.52476665796906,57.379909630719474,57.379909630719474,57.578341428806446,57.76688063838824,55.60919384746652,157834904098.8482,55.70936170350221,-0.07922785911027258,0.018421073062434346,0.09764893217270693
1727740800,57.38677728989949,57.699146978629415,57.06723492866347,57.503417320590145,57.566890934763784,57.772938643805695,55.6298552894351,166722827627.40057,55.727213003174725,-0.07150149278603837,0.008272066190158966,0.07977355897619734
1727827200,57.500829600776434,58.01847525343655,57.500829600776434,58.01847525343655,57.5688516134785,57.806670682922835,55.653245308871085,272073015810.49417,55.750011632530565,-0.030768015960885825,0.04131353902509005,0.07208155498597588
1727913600,58.00860916979933,58.34831798368195,57.94237022235512,58.205705970759624,57.64134671104016,57.82753974811097,55.67691996087503,213569600370.03998,55.77444640206518,0.0076673216097576935,0.081665706998173,0.0739983853884153
1728000000,58.20851062227136,58.228080677438534,58.03980992502247,58.093833571388586,57.698097293041656,57.8466116822619,55.69784876347129,170165221141.88245,55.79752488136193,0.02354184858630122,0.10342569612129182,0.0798838475349906
1728086400,58.09425900411516,58.272650184147835,57.990887744604116,58.134308617719284,57.756997846085866,57.85294157613877,55.719410650253224,156486753189.12216,55.82077646082817,0.034112329060795116,0.1225242588609845,0.08841192980018939
1728172800,58.130030915608884,58.15550215064577,57.99137029124948,58.08025836945764,57.79751731349607,57.86279596574021,55.74040326084496,73068289539.79158,55.84325886787921,0.034694081520193376,0.1317795317004311,0.09708545018023773
1728259200,58.07684061277051,58.19020756024976,58.02584943640827,58.0610095206627,57.86012943683447,57.84559290017332,55.76427541704844,136983604457.86829,55.86532603855367,0.031126465530201222,0.13599353209298926,0.10486706656278803
1728345600,58.118028381080435,58.293090437485375,58.01840267426554,58.01840267426554,57.902473539640255,57.81719416191432,55.788193977501926,169689012056.5871,55.88674968667021,0.023583529758543664,0.1343464787609676,0.11076294900242395
1728432000,57.95404707700374,57.95404707700374,57.70206077805283,57.87075008327848,57.936607101227615,57.79000446642851,55.81146676459233,144966842113.51346,55.906490984148896,0.007186828071249748,0.11974648409148614,0.11255965602023639
1728518400,57.86484815107147,57.86484815107147,57.64891256262139,57.681251342678586,57.96674127242353,57.77254135061528,55.83218400584278,151744785368.07187,55.92415029119894,-0.016586604112272557,0.09182640087989569,0.10841300499216824
1728604800,57.6834801037742,58.097093653369924,57.682332495156594,57.982080643330605,58.014607604697574,57.790749269730966,55.85323984239306,154905369703.5161,55.944627210125624,-0.01240799113814088,0.09290301606949214,0.10531100720763302
1728691200,57.978898181893115,58.05930323068047,57.877092063727,57.97155744802577,58.009915824156494,57.78938371881778,55.87429738658764,141931628183.1648,55.96479567020423,-0.010770136171311812,0.09184833699349326,0.10261847316480507
1728777600,57.967150133711144,57.977064583146145,57.832459464181994,57.92837639660342,57.98218286674087,57.8117647888908,55.89406858655577,94164258299.07066,55.98433378688482,-0.012870238928384722,0.08653067450432417,0.09940091343270889
1728864000,57.92759062032401,58.10650484137335,57.92759062032401,58.10650484137335,57.98344999373935,57.84077364339079,55.91460772575309,162441174868.44952,56.00544991678023,-0.0030503414081910762,0.09558798667247004,0.09863832808066111
1728950400,58.10164333051399,58.673283764588355,58.10164333051399,58.673283764588355,58.037347508426265,57.89717267725636,55.93942673677625,202457890052.38327,56.03199552720618,0.03853572402346647,0.1468079831099942,0.10827225908652774
1729036800,58.669890954123204,58.85629787362924,58.669890954123204,58.85629787362924,58.11495145884343,57.95623438617004,55.964870191238035,260812080228.96667,56.06009803811586,0.07327339321541188,0.19986400060579257,0.1265906073903807
1729123200,58.85251021664193,59.03902857219019,58.663025759630436,58.98606229655671,58.207456736432825,58.033793086633935,55.99178090200226,165365445770.95346,56.089212110339155,0.0983323388478618,0.24950603095020796,0.15117369210234616
1729209600,58.98659907202759,59.00648991851888,58.91792925383766,58.95710264339461,58.30132673334573,58.10190013649327,56.01657074452507,172717352622.4978,56.117748334548665,0.10565769770478323,0.2832458142333252,0.17758811652854195
1729296000,58.94768018899663,58.983126351931695,58.74542229664049,58.846819554716355,58.39893368048952,58.16777039085885,56.04155906161545,139785100988.54016,56.14490327206277,0.09605329357791387,0.2976547335009343,0.20160143992302043
1729382400,58.85011353171844,58.97495327583714,58.4737689650057,58.4737689650057,58.478185442722236,58.22246335757317,56.06386094566093,85685613419.82552,56.16807606502738,0.059352987802938934,0.2757926746766941,0.21643968687375517
1729468800,58.4667927828065,58.4667927828065,58.34033249628746,58.36403957987909,58.51638133637708,58.26549447053761,56.082591765824006,169152711419.8595,56.18992644825973,0.02426265312801118,0.24676800328376913,0.22250535015575795
1729555200,58.370746318745816,58.567539960837664,58.272789141045365,58.567539960837664,58.575979587658274,58.29294770590767,56.10252424473897,192068385037.2079,56.21358429415603,0.011955202891356487,0.23744935376995358,0.2254941508785971
1729641600,58.56953794096109,58.828292078718945,58.42712702997515,58.749703832856895,58.65811233128362,58.320147599012536,56.12347501257316,152080434629.31793,56.238819314441606,0.013183905641084653,0.2419740329299529,0.22879012728886824
1729728000,58.75174727507482,59.038659454705424,58.75174727507482,59.038659454705424,58.75132779261683,58.367388893178386,56.14713543085555,180304740035.28018,56.266678420314875,0.029617547416659673,0.26581206155969284,0.23619451414303316
1729814400,59.03625713528373,59.74918631075292,59.03625713528373,59.576418868842,58.84164130304218,58.43949440573452,56.17440420480444,165157697042.48505,56.29961116109624,0.07053044413905535,0.32435756931685233,0.253827125177797
1729900800,59.56861987728499,59.6589283576814,59.22169059249194,59.32031960338778,58.88804347601804,58.50149746743102,56.19983634692718,215451657449.61737,56.329667961517046,0.07381878248670215,0.34610060328617465,0.2722818207994725
1729987200,59.32030462912152,59.378045779210495,59.277041373117434,59.30419214673874,58.91985646103624,58.56365659873482,56.22356525730392,118867999988.41649,56.35926521709139,0.06849858870673264,0.3579050566828883,0.28940646797615566